"from","to"
"ACAO_IMEDIATA.md","docs\archive\root-legacy\acao\ACAO_IMEDIATA.md"
"ACAO_MANUAL_NECESSARIA.md","docs\archive\root-legacy\acao\ACAO_MANUAL_NECESSARIA.md"
"ACEITE_FINAL_SINALIZACAO_IMPACTO.md","docs\archive\root-legacy\aceite\ACEITE_FINAL_SINALIZACAO_IMPACTO.md"
"ACESSO_ANALYTICS_LIBERADO.md","docs\archive\root-legacy\acesso\ACESSO_ANALYTICS_LIBERADO.md"
"ACESSO_MOBILE_PRONTO.md","docs\archive\root-legacy\acesso\ACESSO_MOBILE_PRONTO.md"
"ACOES_IMEDIATAS_SSOT.md","docs\archive\root-legacy\acoes\ACOES_IMEDIATAS_SSOT.md"
"ADICAO_GASTRONOMIA_SIDEBAR.md","docs\archive\root-legacy\adicao\ADICAO_GASTRONOMIA_SIDEBAR.md"
"ADMIN_AAA_COMPLETO_FINAL.md","docs\archive\root-legacy\admin\ADMIN_AAA_COMPLETO_FINAL.md"
"ADMIN_AAA_FASE_2_COMPLETA.md","docs\archive\root-legacy\admin\ADMIN_AAA_FASE_2_COMPLETA.md"
"ADMIN_AAA_IMPLEMENTACAO_COMPLETA.md","docs\archive\root-legacy\admin\ADMIN_AAA_IMPLEMENTACAO_COMPLETA.md"
"ADMIN_TERRITORIAL_GROUPS_IMPLEMENTACAO.md","docs\archive\root-legacy\admin\ADMIN_TERRITORIAL_GROUPS_IMPLEMENTACAO.md"
"AJUSTES_FINAIS_VAGAS.md","docs\archive\root-legacy\ajustes\AJUSTES_FINAIS_VAGAS.md"
"AJUSTE_TAMANHO_DESTAQUES.md","docs\archive\root-legacy\ajuste\AJUSTE_TAMANHO_DESTAQUES.md"
"ANALISE_ATUALIZACAO_TEMPO_REAL_PERTO_DE_MIM.md","docs\archive\root-legacy\analise\ANALISE_ATUALIZACAO_TEMPO_REAL_PERTO_DE_MIM.md"
"ANALISE_CODIGO_CLASSIFICADOS_COMPLETA.md","docs\archive\root-legacy\analise\ANALISE_CODIGO_CLASSIFICADOS_COMPLETA.md"
"ANALISE_CODIGO_TERRITORIAL.md","docs\archive\root-legacy\analise\ANALISE_CODIGO_TERRITORIAL.md"
"ANALISE_COMPARATIVA_OLX.md","docs\archive\root-legacy\analise\ANALISE_COMPARATIVA_OLX.md"
"ANALISE_COMPLETA_GASTRONOMY_MODULE.md","docs\archive\root-legacy\analise\ANALISE_COMPLETA_GASTRONOMY_MODULE.md"
"ANALISE_CRITICA_ARQUITETURA_SSOT.md","docs\archive\root-legacy\analise\ANALISE_CRITICA_ARQUITETURA_SSOT.md"
"ANALISE_CUSTO_ATUALIZACAO_SUPABASE.md","docs\archive\root-legacy\analise\ANALISE_CUSTO_ATUALIZACAO_SUPABASE.md"
"ANALISE_DADOS_HARDCODED.md","docs\archive\root-legacy\analise\ANALISE_DADOS_HARDCODED.md"
"ANALISE_DASHBOARD_ADMIN.md","docs\archive\root-legacy\analise\ANALISE_DASHBOARD_ADMIN.md"
"ANALISE_GAMBIARRAS_E_DIVIDAS_TECNICAS.md","docs\archive\root-legacy\analise\ANALISE_GAMBIARRAS_E_DIVIDAS_TECNICAS.md"
"ANALISE_IMPLEMENTACAO_MODO_BAIRRO_CIDADE.md","docs\archive\root-legacy\analise\ANALISE_IMPLEMENTACAO_MODO_BAIRRO_CIDADE.md"
"ANALISE_MELHORIAS_CODIGO.md","docs\archive\root-legacy\analise\ANALISE_MELHORIAS_CODIGO.md"
"ANALISE_MOBILIDADE_DASHBOARD.md","docs\archive\root-legacy\analise\ANALISE_MOBILIDADE_DASHBOARD.md"
"ANALISE_MOBILIDADE_PASSAGEIRO.md","docs\archive\root-legacy\analise\ANALISE_MOBILIDADE_PASSAGEIRO.md"
"ANALISE_MOCK_SSOT.md","docs\archive\root-legacy\analise\ANALISE_MOCK_SSOT.md"
"ANALISE_NAVEGACAO_FRAGMENTADA.md","docs\archive\root-legacy\analise\ANALISE_NAVEGACAO_FRAGMENTADA.md"
"ANALISE_OPORTUNIDADES_MAPA.md","docs\archive\root-legacy\analise\ANALISE_OPORTUNIDADES_MAPA.md"
"ANALISE_ORGANIZACAO_CORE_VS_MODULES.md","docs\archive\root-legacy\analise\ANALISE_ORGANIZACAO_CORE_VS_MODULES.md"
"ANALISE_POSTS_VS_COMMUNITY_POSTS.md","docs\archive\root-legacy\analise\ANALISE_POSTS_VS_COMMUNITY_POSTS.md"
"ANALISE_PROFISSIONAL_RAIOS_BUSCA.md","docs\archive\root-legacy\analise\ANALISE_PROFISSIONAL_RAIOS_BUSCA.md"
"ANALISE_ROUTING_PENDENTE.md","docs\archive\root-legacy\analise\ANALISE_ROUTING_PENDENTE.md"
"ANALISE_SEGURANCA_CORRECAO.md","docs\archive\root-legacy\analise\ANALISE_SEGURANCA_CORRECAO.md"
"ANALISE_SELETOR_REFATORACAO.md","docs\archive\root-legacy\analise\ANALISE_SELETOR_REFATORACAO.md"
"ANALISE_SLUG_TERRITORIAL_IMPLEMENTACAO.md","docs\archive\root-legacy\analise\ANALISE_SLUG_TERRITORIAL_IMPLEMENTACAO.md"
"ANALISE_SSOT_CIDADE_LANDING.md","docs\archive\root-legacy\analise\ANALISE_SSOT_CIDADE_LANDING.md"
"ANALISE_SSOT_FINAL.md","docs\archive\root-legacy\analise\ANALISE_SSOT_FINAL.md"
"ANALISE_SSOT_MIGRATIONS_CLASSIFICADOS.md","docs\archive\root-legacy\analise\ANALISE_SSOT_MIGRATIONS_CLASSIFICADOS.md"
"ANALISE_SSOT_TERRITORY_AI.md","docs\archive\root-legacy\analise\ANALISE_SSOT_TERRITORY_AI.md"
"ANALISE_TOGGLE_BAIRROS.md","docs\archive\root-legacy\analise\ANALISE_TOGGLE_BAIRROS.md"
"ANALISE_TOPBAR_DUPLICACAO.md","docs\archive\root-legacy\analise\ANALISE_TOPBAR_DUPLICACAO.md"
"ANALISE_URL_BUSINESS_COM_BAIRRO.md","docs\archive\root-legacy\analise\ANALISE_URL_BUSINESS_COM_BAIRRO.md"
"ANALISE_WARNINGS_BUILD.md","docs\archive\root-legacy\analise\ANALISE_WARNINGS_BUILD.md"
"ANTES_DEPOIS_CORRECAO.md","docs\archive\root-legacy\antes\ANTES_DEPOIS_CORRECAO.md"
"APLICAR_AGORA_MANUAL.md","docs\archive\root-legacy\aplicar\APLICAR_AGORA_MANUAL.md"
"APLICAR_FASE_1_MANUAL.md","docs\archive\root-legacy\aplicar\APLICAR_FASE_1_MANUAL.md"
"APLICAR_FIX_GASTRONOMY.md","docs\archive\root-legacy\aplicar\APLICAR_FIX_GASTRONOMY.md"
"APLICAR_GATE2_MINIMAL.md","docs\archive\root-legacy\aplicar\APLICAR_GATE2_MINIMAL.md"
"APLICAR_GATE2_SCHEMA_MANUAL.md","docs\archive\root-legacy\aplicar\APLICAR_GATE2_SCHEMA_MANUAL.md"
"APLICAR_MIGRATIONS_AGORA.md","docs\archive\root-legacy\aplicar\APLICAR_MIGRATIONS_AGORA.md"
"APLICAR_MIGRATIONS_CLASSIFICADOS.md","docs\archive\root-legacy\aplicar\APLICAR_MIGRATIONS_CLASSIFICADOS.md"
"APLICAR_MIGRATIONS_MANUAL.md","docs\archive\root-legacy\aplicar\APLICAR_MIGRATIONS_MANUAL.md"
"APLICAR_MIGRATIONS_TOURIST_POINTS.md","docs\archive\root-legacy\aplicar\APLICAR_MIGRATIONS_TOURIST_POINTS.md"
"APLICAR_MIGRATION_MANUAL.md","docs\archive\root-legacy\aplicar\APLICAR_MIGRATION_MANUAL.md"
"APLICAR_MIGRATION_REACH_MANUAL.md","docs\archive\root-legacy\aplicar\APLICAR_MIGRATION_REACH_MANUAL.md"
"APLICAR_MOTOR_OPERACIONAL_MANUAL.md","docs\archive\root-legacy\aplicar\APLICAR_MOTOR_OPERACIONAL_MANUAL.md"
"APLICAR_RPC_PRICING.md","docs\archive\root-legacy\aplicar\APLICAR_RPC_PRICING.md"
"APLICAR_VIA_SQL_EDITOR.md","docs\archive\root-legacy\aplicar\APLICAR_VIA_SQL_EDITOR.md"
"APROVACAO_FINAL_3_CORRECOES.md","docs\archive\root-legacy\aprovacao\APROVACAO_FINAL_3_CORRECOES.md"
"APROVACAO_FINAL_SPRINT2.md","docs\archive\root-legacy\aprovacao\APROVACAO_FINAL_SPRINT2.md"
"APROVACAO_FINAL_SPRINT2_CORRIGIDA.md","docs\archive\root-legacy\aprovacao\APROVACAO_FINAL_SPRINT2_CORRIGIDA.md"
"APROVACAO_FINAL_SPRINT2_DEFINITIVA.md","docs\archive\root-legacy\aprovacao\APROVACAO_FINAL_SPRINT2_DEFINITIVA.md"
"APROVACAO_SPRINT2_POSTS.md","docs\archive\root-legacy\aprovacao\APROVACAO_SPRINT2_POSTS.md"
"ARCHITECTURE.md","docs\archive\root-legacy\architecture\ARCHITECTURE.md"
"ARQUITETURA_COMMUNITY_OFICIAL.md","docs\archive\root-legacy\arquitetura\ARQUITETURA_COMMUNITY_OFICIAL.md"
"ARQUITETURA_CONGELADA_RESUMO.md","docs\archive\root-legacy\arquitetura\ARQUITETURA_CONGELADA_RESUMO.md"
"ARQUITETURA_GLOBAL_SSOT_COMPLETA.md","docs\archive\root-legacy\arquitetura\ARQUITETURA_GLOBAL_SSOT_COMPLETA.md"
"ARQUITETURA_MULTI_PERFIL_DEFINITIVA.md","docs\archive\root-legacy\arquitetura\ARQUITETURA_MULTI_PERFIL_DEFINITIVA.md"
"ARQUITETURA_PROFILES_COMPARTILHADOS.md","docs\archive\root-legacy\arquitetura\ARQUITETURA_PROFILES_COMPARTILHADOS.md"
"ARQUITETURA_REDE_FILIAIS_FINAL.md","docs\archive\root-legacy\arquitetura\ARQUITETURA_REDE_FILIAIS_FINAL.md"
"ARQUIVOS_ALTERADOS_REFATORACAO_MODO_RAIO.md","docs\archive\root-legacy\arquivos\ARQUIVOS_ALTERADOS_REFATORACAO_MODO_RAIO.md"
"ARQUIVOS_CRIADOS_GEOLOCALIZACAO.md","docs\archive\root-legacy\arquivos\ARQUIVOS_CRIADOS_GEOLOCALIZACAO.md"
"ATIVACAO_MAPA_EMPRESA.md","docs\archive\root-legacy\ativacao\ATIVACAO_MAPA_EMPRESA.md"
"ATIVACAO_MAPA_EMPRESA_DETAIL.md","docs\archive\root-legacy\ativacao\ATIVACAO_MAPA_EMPRESA_DETAIL.md"
"ATUALIZACOES_URLS_CLASSIFICADOS.md","docs\archive\root-legacy\atualizacoes\ATUALIZACOES_URLS_CLASSIFICADOS.md"
"ATUALIZAR_CLASSIFICADOS.md","docs\archive\root-legacy\atualizar\ATUALIZAR_CLASSIFICADOS.md"
"AUDITORIA_ACESSO_SUPABASE.md","docs\archive\root-legacy\auditoria\AUDITORIA_ACESSO_SUPABASE.md"
"AUDITORIA_ADMIN_PROFILE_COMPLETA.md","docs\archive\root-legacy\auditoria\AUDITORIA_ADMIN_PROFILE_COMPLETA.md"
"AUDITORIA_ARQUITETURAL_COMPLETA.md","docs\archive\root-legacy\auditoria\AUDITORIA_ARQUITETURAL_COMPLETA.md"
"AUDITORIA_COMPLETA_HARDCODED_SSOT.md","docs\archive\root-legacy\auditoria\AUDITORIA_COMPLETA_HARDCODED_SSOT.md"
"AUDITORIA_FRONT_END_COMPLETA.md","docs\archive\root-legacy\auditoria\AUDITORIA_FRONT_END_COMPLETA.md"
"AUDITORIA_FRONT_END_MULTI_PERFIL.md","docs\archive\root-legacy\auditoria\AUDITORIA_FRONT_END_MULTI_PERFIL.md"
"AUDITORIA_LEGADO_OBSOLESCENCIA.md","docs\archive\root-legacy\auditoria\AUDITORIA_LEGADO_OBSOLESCENCIA.md"
"AUDITORIA_LOCALIZACAO_CEP_COMPLETA.md","docs\archive\root-legacy\auditoria\AUDITORIA_LOCALIZACAO_CEP_COMPLETA.md"
"AUDITORIA_LOCALIZACAO_CEP_V2_REVISAO.md","docs\archive\root-legacy\auditoria\AUDITORIA_LOCALIZACAO_CEP_V2_REVISAO.md"
"AUDITORIA_MAPAS_CONSOLIDACAO.md","docs\archive\root-legacy\auditoria\AUDITORIA_MAPAS_CONSOLIDACAO.md"
"AUDITORIA_MOBILIDADE_ATUALIZACAO_GATES.md","docs\archive\root-legacy\auditoria\AUDITORIA_MOBILIDADE_ATUALIZACAO_GATES.md"
"AUDITORIA_MOBILIDADE_COMPLETA.md","docs\archive\root-legacy\auditoria\AUDITORIA_MOBILIDADE_COMPLETA.md"
"AUDITORIA_MOBILIDADE_FUNCIONAL_COMPLETA.md","docs\archive\root-legacy\auditoria\AUDITORIA_MOBILIDADE_FUNCIONAL_COMPLETA.md"
"AUDITORIA_MOBILIDADE_RIGOROSA.md","docs\archive\root-legacy\auditoria\AUDITORIA_MOBILIDADE_RIGOROSA.md"
"AUDITORIA_NEIGHBORHOOD_VS_MAPA_CENTRAL.md","docs\archive\root-legacy\auditoria\AUDITORIA_NEIGHBORHOOD_VS_MAPA_CENTRAL.md"
"AUDITORIA_POSTS_PARCIAL_CODIGO.md","docs\archive\root-legacy\auditoria\AUDITORIA_POSTS_PARCIAL_CODIGO.md"
"AUDITORIA_QUANTITATIVA_BANCO_POSTS.md","docs\archive\root-legacy\auditoria\AUDITORIA_QUANTITATIVA_BANCO_POSTS.md"
"AUDITORIA_REALTIME_HARDCODES.md","docs\archive\root-legacy\auditoria\AUDITORIA_REALTIME_HARDCODES.md"
"AUDITORIA_SSOT_CLASSIFICADOS.md","docs\archive\root-legacy\auditoria\AUDITORIA_SSOT_CLASSIFICADOS.md"
"AUDITORIA_SSOT_MOBILIDADE.md","docs\archive\root-legacy\auditoria\AUDITORIA_SSOT_MOBILIDADE.md"
"AUDITORIA_SSOT_REVISADA_V2.md","docs\archive\root-legacy\auditoria\AUDITORIA_SSOT_REVISADA_V2.md"
"AUDITORIA_SSOT_TERRITORIAL_COMPLETA.md","docs\archive\root-legacy\auditoria\AUDITORIA_SSOT_TERRITORIAL_COMPLETA.md"
"AUDITORIA_TECNICA_MAPA.md","docs\archive\root-legacy\auditoria\AUDITORIA_TECNICA_MAPA.md"
"AUTOMACAO_MAPS_ISOLADA.md","docs\archive\root-legacy\automacao\AUTOMACAO_MAPS_ISOLADA.md"
"BACKLOG_EXECUTAVEL_SSOT.md","docs\archive\root-legacy\backlog\BACKLOG_EXECUTAVEL_SSOT.md"
"BLINDAGEM_FINAL_POSTS_POLLS_QA.md","docs\archive\root-legacy\blindagem\BLINDAGEM_FINAL_POSTS_POLLS_QA.md"
"BLINDAGEM_TOURIST_POINTS_COMPLETA.md","docs\archive\root-legacy\blindagem\BLINDAGEM_TOURIST_POINTS_COMPLETA.md"
"BLOQUEIO_MIGRATIONS_FINAL.md","docs\archive\root-legacy\bloqueio\BLOQUEIO_MIGRATIONS_FINAL.md"
"BLUEPRINT_TOURIST_POINTS.md","docs\archive\root-legacy\blueprint\BLUEPRINT_TOURIST_POINTS.md"
"BOAS_PRATICAS_IDENTIFICADAS.md","docs\archive\root-legacy\boas\BOAS_PRATICAS_IDENTIFICADAS.md"
"BUG_SELETOR_MUDANDO_ALEATORIO.md","docs\archive\root-legacy\bug\BUG_SELETOR_MUDANDO_ALEATORIO.md"
"BUG_SELETOR_MUDA_PARA_SALVADOR.md","docs\archive\root-legacy\bug\BUG_SELETOR_MUDA_PARA_SALVADOR.md"
"CACHE_NEIGHBORHOODS_CONSOLE.md","docs\archive\root-legacy\cache\CACHE_NEIGHBORHOODS_CONSOLE.md"
"CACHE_PERSISTENTE_BAIRROS.md","docs\archive\root-legacy\cache\CACHE_PERSISTENTE_BAIRROS.md"
"CANARY_ROLLOUT_FASE1.md","docs\archive\root-legacy\canary\CANARY_ROLLOUT_FASE1.md"
"CANARY_ROLLOUT_FASE1_24H.md","docs\archive\root-legacy\canary\CANARY_ROLLOUT_FASE1_24H.md"
"CANARY_ROLLOUT_FASE2_48H.md","docs\archive\root-legacy\canary\CANARY_ROLLOUT_FASE2_48H.md"
"CANARY_ROLLOUT_FASE3_100_DIA1.md","docs\archive\root-legacy\canary\CANARY_ROLLOUT_FASE3_100_DIA1.md"
"CANARY_ROLLOUT_FASE3_100_DIA2.md","docs\archive\root-legacy\canary\CANARY_ROLLOUT_FASE3_100_DIA2.md"
"CHECKLIST_ACEITE_FINAL_URLS.md","docs\archive\root-legacy\checklist\CHECKLIST_ACEITE_FINAL_URLS.md"
"CHECKLIST_ACEITE_URLS_CLASSIFICADOS.md","docs\archive\root-legacy\checklist\CHECKLIST_ACEITE_URLS_CLASSIFICADOS.md"
"CHECKLIST_FECHAMENTO_STAGING.md","docs\archive\root-legacy\checklist\CHECKLIST_FECHAMENTO_STAGING.md"
"CHECKLIST_PRODUCAO_IDENTIDADE_PUBLICA.md","docs\archive\root-legacy\checklist\CHECKLIST_PRODUCAO_IDENTIDADE_PUBLICA.md"
"CHECKLIST_SMOKE_TEST_UI.md","docs\archive\root-legacy\checklist\CHECKLIST_SMOKE_TEST_UI.md"
"CHECKLIST_TESTE_MANUAL_UI.md","docs\archive\root-legacy\checklist\CHECKLIST_TESTE_MANUAL_UI.md"
"CHECKLIST_UPLOAD_FOTOS.md","docs\archive\root-legacy\checklist\CHECKLIST_UPLOAD_FOTOS.md"
"CHECKLIST_VALIDACAO_AMBIENTE_REAL.md","docs\archive\root-legacy\checklist\CHECKLIST_VALIDACAO_AMBIENTE_REAL.md"
"CHECKLIST_VALIDACAO_DISPATCH.md","docs\archive\root-legacy\checklist\CHECKLIST_VALIDACAO_DISPATCH.md"
"CHECKLIST_VALIDACAO_FINAL.md","docs\archive\root-legacy\checklist\CHECKLIST_VALIDACAO_FINAL.md"
"CHECKPOINT_ETAPA_1_COMPLETA.md","docs\archive\root-legacy\checkpoint\CHECKPOINT_ETAPA_1_COMPLETA.md"
"CHECKPOINT_FASE2_TOURIST_POINTS.md","docs\archive\root-legacy\checkpoint\CHECKPOINT_FASE2_TOURIST_POINTS.md"
"CHECKPOINT_FASE4_TOURIST_POINTS.md","docs\archive\root-legacy\checkpoint\CHECKPOINT_FASE4_TOURIST_POINTS.md"
"CIDADE_LANDING_IMPLEMENTACAO.md","docs\archive\root-legacy\cidade\CIDADE_LANDING_IMPLEMENTACAO.md"
"CLASSIFICACAO_FINAL_HOMOLOGACAO.md","docs\archive\root-legacy\classificacao\CLASSIFICACAO_FINAL_HOMOLOGACAO.md"
"CLASSIFICACAO_FINAL_PRODUCAO.md","docs\archive\root-legacy\classificacao\CLASSIFICACAO_FINAL_PRODUCAO.md"
"CLASSIFICACAO_HONESTA_FINAL.md","docs\archive\root-legacy\classificacao\CLASSIFICACAO_HONESTA_FINAL.md"
"CLASSIFICADOS_ALCANCE_GLOBAL_E_AVISOS.md","docs\archive\root-legacy\classificados\CLASSIFICADOS_ALCANCE_GLOBAL_E_AVISOS.md"
"CLASSIFICADOS_LANDING_PAGE.md","docs\archive\root-legacy\classificados\CLASSIFICADOS_LANDING_PAGE.md"
"comandos-supabase-auth.md","docs\archive\root-legacy\comandos\comandos-supabase-auth.md"
"COMANDOS_HOMOLOGACAO.md","docs\archive\root-legacy\comandos\COMANDOS_HOMOLOGACAO.md"
"COMANDOS_RAPIDOS.md","docs\archive\root-legacy\comandos\COMANDOS_RAPIDOS.md"
"COMANDOS_RAPIDOS_DISPATCH.md","docs\archive\root-legacy\comandos\COMANDOS_RAPIDOS_DISPATCH.md"
"COMANDOS_RAPIDOS_UPLOAD.md","docs\archive\root-legacy\comandos\COMANDOS_RAPIDOS_UPLOAD.md"
"COMANDOS_VERIFICACAO_SSOT.md","docs\archive\root-legacy\comandos\COMANDOS_VERIFICACAO_SSOT.md"
"COMO_APLICAR_NO_REMOTO.md","docs\archive\root-legacy\como\COMO_APLICAR_NO_REMOTO.md"
"COMO_CONTINUAR.md","docs\archive\root-legacy\como\COMO_CONTINUAR.md"
"COMO_REDEFINIR_PERMISSOES.md","docs\archive\root-legacy\como\COMO_REDEFINIR_PERMISSOES.md"
"COMPLEMENTO_FASE0_POSTS.md","docs\archive\root-legacy\complemento\COMPLEMENTO_FASE0_POSTS.md"
"COMPLEMENTO_FASE4_POSTS_AAA.md","docs\archive\root-legacy\complemento\COMPLEMENTO_FASE4_POSTS_AAA.md"
"CONCLUSAO_MIGRACAO_SSOT_URLS.md","docs\archive\root-legacy\conclusao\CONCLUSAO_MIGRACAO_SSOT_URLS.md"
"CONCLUSAO_SESSAO.md","docs\archive\root-legacy\conclusao\CONCLUSAO_SESSAO.md"
"CONFIGURAR_CRON_EXTERNO.md","docs\archive\root-legacy\configurar\CONFIGURAR_CRON_EXTERNO.md"
"CONFIRMACAO_REMOCAO_ROTAS_LEGADAS.md","docs\archive\root-legacy\confirmacao\CONFIRMACAO_REMOCAO_ROTAS_LEGADAS.md"
"CONSOLIDACAO_AAA_SUCESSO.md","docs\archive\root-legacy\consolidacao\CONSOLIDACAO_AAA_SUCESSO.md"
"CONSOLIDACAO_AAA_TOURIST_POINTS.md","docs\archive\root-legacy\consolidacao\CONSOLIDACAO_AAA_TOURIST_POINTS.md"
"CONSOLIDACAO_CLASSIFIEDS_COMPLETA.md","docs\archive\root-legacy\consolidacao\CONSOLIDACAO_CLASSIFIEDS_COMPLETA.md"
"CONSOLIDACAO_COMMUNITY_COMPLETA.md","docs\archive\root-legacy\consolidacao\CONSOLIDACAO_COMMUNITY_COMPLETA.md"
"CONSOLIDACAO_FINAL_TRABALHO.md","docs\archive\root-legacy\consolidacao\CONSOLIDACAO_FINAL_TRABALHO.md"
"CONSOLIDACAO_MOBILITY_COMPLETA.md","docs\archive\root-legacy\consolidacao\CONSOLIDACAO_MOBILITY_COMPLETA.md"
"CONSOLIDACAO_SESSAO_CONTINUACAO.md","docs\archive\root-legacy\consolidacao\CONSOLIDACAO_SESSAO_CONTINUACAO.md"
"CONTINUACAO_SESSAO_SSOT_01ABR2026.md","docs\archive\root-legacy\continuacao\CONTINUACAO_SESSAO_SSOT_01ABR2026.md"
"CONTRATO_PRICING_OFICIAL.md","docs\archive\root-legacy\contrato\CONTRATO_PRICING_OFICIAL.md"
"CORRECAO_ACESSO_ANALYTICS.md","docs\archive\root-legacy\correcao\CORRECAO_ACESSO_ANALYTICS.md"
"CORRECAO_BOTAO_CRIAR.md","docs\archive\root-legacy\correcao\CORRECAO_BOTAO_CRIAR.md"
"CORRECAO_BOTAO_ENTRAR_COMPLEXO.md","docs\archive\root-legacy\correcao\CORRECAO_BOTAO_ENTRAR_COMPLEXO.md"
"CORRECAO_BUG_SELETOR_RESUMO.md","docs\archive\root-legacy\correcao\CORRECAO_BUG_SELETOR_RESUMO.md"
"CORRECAO_CANCELAMENTO_SEARCHING_DRIVER.md","docs\archive\root-legacy\correcao\CORRECAO_CANCELAMENTO_SEARCHING_DRIVER.md"
"CORRECAO_COMMUNITY_QA_APLICADA.md","docs\archive\root-legacy\correcao\CORRECAO_COMMUNITY_QA_APLICADA.md"
"CORRECAO_CRITICA_SELETOR_LABEL.md","docs\archive\root-legacy\correcao\CORRECAO_CRITICA_SELETOR_LABEL.md"
"CORRECAO_CRITICA_TERRITORIO_FIXO.md","docs\archive\root-legacy\correcao\CORRECAO_CRITICA_TERRITORIO_FIXO.md"
"CORRECAO_EMPRESAS_LANDING.md","docs\archive\root-legacy\correcao\CORRECAO_EMPRESAS_LANDING.md"
"CORRECAO_ENDERECO_VAGAS_SSOT.md","docs\archive\root-legacy\correcao\CORRECAO_ENDERECO_VAGAS_SSOT.md"
"CORRECAO_ERROS_BUILD_COMPLETA.md","docs\archive\root-legacy\correcao\CORRECAO_ERROS_BUILD_COMPLETA.md"
"CORRECAO_ERROS_MAPA_ROTAS.md","docs\archive\root-legacy\correcao\CORRECAO_ERROS_MAPA_ROTAS.md"
"CORRECAO_ERROS_PRE_EXISTENTES.md","docs\archive\root-legacy\correcao\CORRECAO_ERROS_PRE_EXISTENTES.md"
"CORRECAO_ERRO_VITE_CACHE.md","docs\archive\root-legacy\correcao\CORRECAO_ERRO_VITE_CACHE.md"
"CORRECAO_EVENTOS_SSOT.md","docs\archive\root-legacy\correcao\CORRECAO_EVENTOS_SSOT.md"
"CORRECAO_EXECUTADA.md","docs\archive\root-legacy\correcao\CORRECAO_EXECUTADA.md"
"CORRECAO_EXPORTS_MOBILITY.md","docs\archive\root-legacy\correcao\CORRECAO_EXPORTS_MOBILITY.md"
"CORRECAO_FILTRO_HIERARQUICO.md","docs\archive\root-legacy\correcao\CORRECAO_FILTRO_HIERARQUICO.md"
"CORRECAO_FILTRO_TERRITORIAL.md","docs\archive\root-legacy\correcao\CORRECAO_FILTRO_TERRITORIAL.md"
"CORRECAO_FINAL_CANCELAMENTO.md","docs\archive\root-legacy\correcao\CORRECAO_FINAL_CANCELAMENTO.md"
"CORRECAO_FINAL_DESTAQUES.md","docs\archive\root-legacy\correcao\CORRECAO_FINAL_DESTAQUES.md"
"CORRECAO_FINAL_MODULE_SLUGS.md","docs\archive\root-legacy\correcao\CORRECAO_FINAL_MODULE_SLUGS.md"
"CORRECAO_FINAL_PROFILE_LINKS.md","docs\archive\root-legacy\correcao\CORRECAO_FINAL_PROFILE_LINKS.md"
"CORRECAO_FINAL_SELETOR_GRUPOS.md","docs\archive\root-legacy\correcao\CORRECAO_FINAL_SELETOR_GRUPOS.md"
"CORRECAO_FINAL_SIDEBAR_DINAMICA.md","docs\archive\root-legacy\correcao\CORRECAO_FINAL_SIDEBAR_DINAMICA.md"
"CORRECAO_FINAL_VAGAS_COMPLETA.md","docs\archive\root-legacy\correcao\CORRECAO_FINAL_VAGAS_COMPLETA.md"
"CORRECAO_FK_GASTRONOMY.md","docs\archive\root-legacy\correcao\CORRECAO_FK_GASTRONOMY.md"
"CORRECAO_GASTRONOMY_LOCATION_COMPLETA.md","docs\archive\root-legacy\correcao\CORRECAO_GASTRONOMY_LOCATION_COMPLETA.md"
"CORRECAO_GASTRONOMY_SSOT.md","docs\archive\root-legacy\correcao\CORRECAO_GASTRONOMY_SSOT.md"
"CORRECAO_GEOGRAPHIC_PATH_BUSINESS_CARD.md","docs\archive\root-legacy\correcao\CORRECAO_GEOGRAPHIC_PATH_BUSINESS_CARD.md"
"CORRECAO_GEOLOCALIZACAO_MOBILE_COMPLETA.md","docs\archive\root-legacy\correcao\CORRECAO_GEOLOCALIZACAO_MOBILE_COMPLETA.md"
"CORRECAO_HERO_CLASSIFICADOS.md","docs\archive\root-legacy\correcao\CORRECAO_HERO_CLASSIFICADOS.md"
"CORRECAO_HOMEPAGE_DINAMICA_SSOT.md","docs\archive\root-legacy\correcao\CORRECAO_HOMEPAGE_DINAMICA_SSOT.md"
"CORRECAO_HOMEPAGE_LAYOUT_GLOBAL.md","docs\archive\root-legacy\correcao\CORRECAO_HOMEPAGE_LAYOUT_GLOBAL.md"
"CORRECAO_HOOK_CONDICIONAL_FINAL.md","docs\archive\root-legacy\correcao\CORRECAO_HOOK_CONDICIONAL_FINAL.md"
"CORRECAO_IMPORTS_CLASSIFIEDS.md","docs\archive\root-legacy\correcao\CORRECAO_IMPORTS_CLASSIFIEDS.md"
"CORRECAO_IMPORTS_GASTRONOMY.md","docs\archive\root-legacy\correcao\CORRECAO_IMPORTS_GASTRONOMY.md"
"CORRECAO_INNER_JOIN_APLICADA.md","docs\archive\root-legacy\correcao\CORRECAO_INNER_JOIN_APLICADA.md"
"CORRECAO_LANDING_GLOBAL.md","docs\archive\root-legacy\correcao\CORRECAO_LANDING_GLOBAL.md"
"CORRECAO_LAYOUT_VAGAS.md","docs\archive\root-legacy\correcao\CORRECAO_LAYOUT_VAGAS.md"
"CORRECAO_LOCATIONINITIALIZER.md","docs\archive\root-legacy\correcao\CORRECAO_LOCATIONINITIALIZER.md"
"CORRECAO_MARCADORES_MAPA.md","docs\archive\root-legacy\correcao\CORRECAO_MARCADORES_MAPA.md"
"CORRECAO_MARCADOR_USUARIO_MAPA.md","docs\archive\root-legacy\correcao\CORRECAO_MARCADOR_USUARIO_MAPA.md"
"CORRECAO_MENSAGEM_CONTEXTUAL_HOMEPAGE.md","docs\archive\root-legacy\correcao\CORRECAO_MENSAGEM_CONTEXTUAL_HOMEPAGE.md"
"CORRECAO_MENSAGENS_CONTEXTUAIS.md","docs\archive\root-legacy\correcao\CORRECAO_MENSAGENS_CONTEXTUAIS.md"
"CORRECAO_MIGRATION_APLICADA.md","docs\archive\root-legacy\correcao\CORRECAO_MIGRATION_APLICADA.md"
"CORRECAO_MUDANCA_LOCAL_PRESERVA_MODULO.md","docs\archive\root-legacy\correcao\CORRECAO_MUDANCA_LOCAL_PRESERVA_MODULO.md"
"CORRECAO_NAVEGACAO_CATEGORIA_TERRITORIO.md","docs\archive\root-legacy\correcao\CORRECAO_NAVEGACAO_CATEGORIA_TERRITORIO.md"
"CORRECAO_PERMISSAO_SSOT.md","docs\archive\root-legacy\correcao\CORRECAO_PERMISSAO_SSOT.md"
"CORRECAO_POPUP_BRANCO.md","docs\archive\root-legacy\correcao\CORRECAO_POPUP_BRANCO.md"
"CORRECAO_PROFISSIONAL_SELETOR_V2.md","docs\archive\root-legacy\correcao\CORRECAO_PROFISSIONAL_SELETOR_V2.md"
"CORRECAO_PROMPT_PERMISSAO_MOBILE.md","docs\archive\root-legacy\correcao\CORRECAO_PROMPT_PERMISSAO_MOBILE.md"
"CORRECAO_QUERY_CATEGORIAS.md","docs\archive\root-legacy\correcao\CORRECAO_QUERY_CATEGORIAS.md"
"CORRECAO_RAIZ_ENCODING_UTF8.md","docs\archive\root-legacy\correcao\CORRECAO_RAIZ_ENCODING_UTF8.md"
"CORRECAO_RAIZ_ROLLOUTS_FALTANTES.md","docs\archive\root-legacy\correcao\CORRECAO_RAIZ_ROLLOUTS_FALTANTES.md"
"CORRECAO_ROTAS_GUIA.md","docs\archive\root-legacy\correcao\CORRECAO_ROTAS_GUIA.md"
"CORRECAO_ROTA_BUSINESS_TERRITORIAL.md","docs\archive\root-legacy\correcao\CORRECAO_ROTA_BUSINESS_TERRITORIAL.md"
"CORRECAO_ROTA_PONTOS_TURISTICOS.md","docs\archive\root-legacy\correcao\CORRECAO_ROTA_PONTOS_TURISTICOS.md"
"CORRECAO_SEGURANCA_COMMUNITY_PAGES.md","docs\archive\root-legacy\correcao\CORRECAO_SEGURANCA_COMMUNITY_PAGES.md"
"CORRECAO_SEGURANCA_FINAL.md","docs\archive\root-legacy\correcao\CORRECAO_SEGURANCA_FINAL.md"
"CORRECAO_SEGURANCA_MEMBROS.md","docs\archive\root-legacy\correcao\CORRECAO_SEGURANCA_MEMBROS.md"
"CORRECAO_SELETOR_CURRENTPATH.md","docs\archive\root-legacy\correcao\CORRECAO_SELETOR_CURRENTPATH.md"
"CORRECAO_SELETOR_MANUAL.md","docs\archive\root-legacy\correcao\CORRECAO_SELETOR_MANUAL.md"
"CORRECAO_SELETOR_TERRITORIAL_MAPA.md","docs\archive\root-legacy\correcao\CORRECAO_SELETOR_TERRITORIAL_MAPA.md"
"CORRECAO_SSOT_COMMUNITY_ISSUES.md","docs\archive\root-legacy\correcao\CORRECAO_SSOT_COMMUNITY_ISSUES.md"
"CORRECAO_SSOT_COMPLIANCE_SCRIPT.md","docs\archive\root-legacy\correcao\CORRECAO_SSOT_COMPLIANCE_SCRIPT.md"
"CORRECAO_SSOT_MOBILIDADE_FINALIZADA.md","docs\archive\root-legacy\correcao\CORRECAO_SSOT_MOBILIDADE_FINALIZADA.md"
"CORRECAO_SSOT_PONTOS_TURISTICOS.md","docs\archive\root-legacy\correcao\CORRECAO_SSOT_PONTOS_TURISTICOS.md"
"CORRECAO_SSOT_STANDALONE_MAP.md","docs\archive\root-legacy\correcao\CORRECAO_SSOT_STANDALONE_MAP.md"
"CORRECAO_TERRITORY_SELECTOR_NOME.md","docs\archive\root-legacy\correcao\CORRECAO_TERRITORY_SELECTOR_NOME.md"
"CORRECAO_TOPBAR_DUPLICADA.md","docs\archive\root-legacy\correcao\CORRECAO_TOPBAR_DUPLICADA.md"
"CORRECAO_TOPBAR_FULLWIDTH_ZINDEX.md","docs\archive\root-legacy\correcao\CORRECAO_TOPBAR_FULLWIDTH_ZINDEX.md"
"CORRECAO_URLS_TERRITORIAIS_NAVEGACAO.md","docs\archive\root-legacy\correcao\CORRECAO_URLS_TERRITORIAIS_NAVEGACAO.md"
"CORRECAO_VAGAS_MANTEM_BAIRRO.md","docs\archive\root-legacy\correcao\CORRECAO_VAGAS_MANTEM_BAIRRO.md"
"CORRECAO_VENDEDOR_SSOT_COMPLETA.md","docs\archive\root-legacy\correcao\CORRECAO_VENDEDOR_SSOT_COMPLETA.md"
"CORRECAO_VISIBILIDADE_MOBILE.md","docs\archive\root-legacy\correcao\CORRECAO_VISIBILIDADE_MOBILE.md"
"CORRECAO_ZINDEX_PROFISSIONAL.md","docs\archive\root-legacy\correcao\CORRECAO_ZINDEX_PROFISSIONAL.md"
"CORRECOES_APLICADAS_GASTRONOMY.md","docs\archive\root-legacy\correcoes\CORRECOES_APLICADAS_GASTRONOMY.md"
"CORRECOES_APLICADAS_RESUMO.md","docs\archive\root-legacy\correcoes\CORRECOES_APLICADAS_RESUMO.md"
"CORRECOES_DESTAQUES.md","docs\archive\root-legacy\correcoes\CORRECOES_DESTAQUES.md"
"CORRECOES_FASE5_APLICADAS.md","docs\archive\root-legacy\correcoes\CORRECOES_FASE5_APLICADAS.md"
"CORRECOES_FINAIS_URLS.md","docs\archive\root-legacy\correcoes\CORRECOES_FINAIS_URLS.md"
"CORRECOES_FRONT_END_FASE_1.md","docs\archive\root-legacy\correcoes\CORRECOES_FRONT_END_FASE_1.md"
"CORRECOES_FRONT_END_IMPLEMENTADAS.md","docs\archive\root-legacy\correcoes\CORRECOES_FRONT_END_IMPLEMENTADAS.md"
"CORRECOES_IDENTIFICADORES.md","docs\archive\root-legacy\correcoes\CORRECOES_IDENTIFICADORES.md"
"CORRECOES_IMPORTS_MOBILITY.md","docs\archive\root-legacy\correcoes\CORRECOES_IMPORTS_MOBILITY.md"
"CORRECOES_LAYOUT_MAPA.md","docs\archive\root-legacy\correcoes\CORRECOES_LAYOUT_MAPA.md"
"CORRECOES_PAGINAS_EMPRESAS.md","docs\archive\root-legacy\correcoes\CORRECOES_PAGINAS_EMPRESAS.md"
"CORRECOES_REALIZADAS.md","docs\archive\root-legacy\correcoes\CORRECOES_REALIZADAS.md"
"CORRECOES_RUNTIME.md","docs\archive\root-legacy\correcoes\CORRECOES_RUNTIME.md"
"CORRECOES_SSOT_FASE_1_2_COMPLETAS.md","docs\archive\root-legacy\correcoes\CORRECOES_SSOT_FASE_1_2_COMPLETAS.md"
"CORRECOES_TERRITORY_MANAGEMENT.md","docs\archive\root-legacy\correcoes\CORRECOES_TERRITORY_MANAGEMENT.md"
"DASHBOARD_ADMIN_FINALIZADO.md","docs\archive\root-legacy\dashboard\DASHBOARD_ADMIN_FINALIZADO.md"
"DASHBOARD_SSOT.md","docs\archive\root-legacy\dashboard\DASHBOARD_SSOT.md"
"debug-cancelamento-ui.md","docs\archive\root-legacy\debug\debug-cancelamento-ui.md"
"DEBUG_ADMIN_ACCESS.md","docs\archive\root-legacy\debug\DEBUG_ADMIN_ACCESS.md"
"DEBUG_COMANDOS_UTEIS.md","docs\archive\root-legacy\debug\DEBUG_COMANDOS_UTEIS.md"
"DEBUG_LOCALIZACAO_USUARIO.md","docs\archive\root-legacy\debug\DEBUG_LOCALIZACAO_USUARIO.md"
"DEBUG_MARCADOR_NAO_APARECE.md","docs\archive\root-legacy\debug\DEBUG_MARCADOR_NAO_APARECE.md"
"DEBUG_SELETOR_FIXO_CIDADE.md","docs\archive\root-legacy\debug\DEBUG_SELETOR_FIXO_CIDADE.md"
"DEBUG_SELETOR_SIDEBAR.md","docs\archive\root-legacy\debug\DEBUG_SELETOR_SIDEBAR.md"
"DECISAO_ARQUITETURAL_POSTS.md","docs\archive\root-legacy\decisao\DECISAO_ARQUITETURAL_POSTS.md"
"DECISAO_BLINDAGEM_MAPS.md","docs\archive\root-legacy\decisao\DECISAO_BLINDAGEM_MAPS.md"
"DEPLOY_DISPATCH_AGORA.md","docs\archive\root-legacy\deploy\DEPLOY_DISPATCH_AGORA.md"
"DEPLOY_EDGE_FUNCTION.md","docs\archive\root-legacy\deploy\DEPLOY_EDGE_FUNCTION.md"
"DEPLOY_EDGE_FUNCTIONS.md","docs\archive\root-legacy\deploy\DEPLOY_EDGE_FUNCTIONS.md"
"DEPLOY_MANUAL_NECESSARIO.md","docs\archive\root-legacy\deploy\DEPLOY_MANUAL_NECESSARIO.md"
"DEPLOY_STAGING_EXECUCAO.md","docs\archive\root-legacy\deploy\DEPLOY_STAGING_EXECUCAO.md"
"DESBLOQUEIO_BUILD_FINAL.md","docs\archive\root-legacy\desbloqueio\DESBLOQUEIO_BUILD_FINAL.md"
"DIAGNOSTICO_ADMIN_AAA.md","docs\archive\root-legacy\diagnostico\DIAGNOSTICO_ADMIN_AAA.md"
"DIAGNOSTICO_MOTOBOY_FINAL.md","docs\archive\root-legacy\diagnostico\DIAGNOSTICO_MOTOBOY_FINAL.md"
"DIAGRAMA_FLUXO_DISPATCH.md","docs\archive\root-legacy\diagrama\DIAGRAMA_FLUXO_DISPATCH.md"
"DIVIDAS_TECNICAS_MAPA.md","docs\archive\root-legacy\dividas\DIVIDAS_TECNICAS_MAPA.md"
"DOCUMENTACAO_OPERACAO_IDENTIDADE_PUBLICA.md","docs\archive\root-legacy\documentacao\DOCUMENTACAO_OPERACAO_IDENTIDADE_PUBLICA.md"
"E2E_SETUP.md","docs\archive\root-legacy\e\E2E_SETUP.md"
"E2E_TEST_SUMMARY.md","docs\archive\root-legacy\e\E2E_TEST_SUMMARY.md"
"ENCERRAMENTO_SESSAO_01ABR2026.md","docs\archive\root-legacy\encerramento\ENCERRAMENTO_SESSAO_01ABR2026.md"
"ENTREGA_ARQUITETURA_CONGELADA.md","docs\archive\root-legacy\entrega\ENTREGA_ARQUITETURA_CONGELADA.md"
"ENTREGA_AUDITORIA_SSOT.md","docs\archive\root-legacy\entrega\ENTREGA_AUDITORIA_SSOT.md"
"ENTREGA_COMPLETA.md","docs\archive\root-legacy\entrega\ENTREGA_COMPLETA.md"
"ENTREGA_EXTERNA_IMPLEMENTACAO.md","docs\archive\root-legacy\entrega\ENTREGA_EXTERNA_IMPLEMENTACAO.md"
"ENTREGA_FINAL_AUDITORIA_SSOT.md","docs\archive\root-legacy\entrega\ENTREGA_FINAL_AUDITORIA_SSOT.md"
"ENTREGA_FRONT_END_MULTI_PERFIL.md","docs\archive\root-legacy\entrega\ENTREGA_FRONT_END_MULTI_PERFIL.md"
"ENTREGA_HOMOLOGACAO_COMPLETA.md","docs\archive\root-legacy\entrega\ENTREGA_HOMOLOGACAO_COMPLETA.md"
"ENTREGA_OPERACIONAL_NETWORK.md","docs\archive\root-legacy\entrega\ENTREGA_OPERACIONAL_NETWORK.md"
"ENTREGA_PROVAS_COMPLETAS.md","docs\archive\root-legacy\entrega\ENTREGA_PROVAS_COMPLETAS.md"
"ENTREGA_REAL_FINAL.md","docs\archive\root-legacy\entrega\ENTREGA_REAL_FINAL.md"
"ENTREGA_SIDEBAR_COMUNIDADE.md","docs\archive\root-legacy\entrega\ENTREGA_SIDEBAR_COMUNIDADE.md"
"ENTREGA_VALIDACOES_FINAIS.md","docs\archive\root-legacy\entrega\ENTREGA_VALIDACOES_FINAIS.md"
"ESCALABILIDADE_NACIONAL.md","docs\archive\root-legacy\escalabilidade\ESCALABILIDADE_NACIONAL.md"
"ESCLARECIMENTO_ARQUITETURA_DEFINITIVO.md","docs\archive\root-legacy\esclarecimento\ESCLARECIMENTO_ARQUITETURA_DEFINITIVO.md"
"ESTADO_ATUAL_PRICING.md","docs\archive\root-legacy\estado\ESTADO_ATUAL_PRICING.md"
"ESTADO_ATUAL_PROJETO.md","docs\archive\root-legacy\estado\ESTADO_ATUAL_PROJETO.md"
"ESTADO_FINAL_REFATORACAO_SSOT.md","docs\archive\root-legacy\estado\ESTADO_FINAL_REFATORACAO_SSOT.md"
"ESTRUTURA_REAL_SALVADOR.md","docs\archive\root-legacy\estrutura\ESTRUTURA_REAL_SALVADOR.md"
"ETAPA_1.1B_ENCERRAMENTO_FORMAL.md","docs\archive\root-legacy\etapa\ETAPA_1.1B_ENCERRAMENTO_FORMAL.md"
"ETAPA_1.1B_RELATORIO_FINAL.md","docs\archive\root-legacy\etapa\ETAPA_1.1B_RELATORIO_FINAL.md"
"ETAPA_1.1B_VALIDACAO_FINAL.md","docs\archive\root-legacy\etapa\ETAPA_1.1B_VALIDACAO_FINAL.md"
"ETAPA_1.1C_RELATORIO_FINAL.md","docs\archive\root-legacy\etapa\ETAPA_1.1C_RELATORIO_FINAL.md"
"ETAPA_1.1C_VALIDACAO_OBJETIVA.md","docs\archive\root-legacy\etapa\ETAPA_1.1C_VALIDACAO_OBJETIVA.md"
"ETAPA_1.1D_RELATORIO_FINAL.md","docs\archive\root-legacy\etapa\ETAPA_1.1D_RELATORIO_FINAL.md"
"ETAPA_1.1E_RELATORIO_FINAL.md","docs\archive\root-legacy\etapa\ETAPA_1.1E_RELATORIO_FINAL.md"
"ETAPA_1.1F_ARQUIVOS_ALTERADOS.md","docs\archive\root-legacy\etapa\ETAPA_1.1F_ARQUIVOS_ALTERADOS.md"
"ETAPA_1.1F_ENCERRAMENTO_FORMAL.md","docs\archive\root-legacy\etapa\ETAPA_1.1F_ENCERRAMENTO_FORMAL.md"
"ETAPA_1.1F_INDEX.md","docs\archive\root-legacy\etapa\ETAPA_1.1F_INDEX.md"
"ETAPA_1.1F_RELATORIO_FINAL.md","docs\archive\root-legacy\etapa\ETAPA_1.1F_RELATORIO_FINAL.md"
"ETAPA_1.1F_RESUMO_EXECUTIVO.md","docs\archive\root-legacy\etapa\ETAPA_1.1F_RESUMO_EXECUTIVO.md"
"ETAPA_1.1F_VALIDACAO_OBJETIVA.md","docs\archive\root-legacy\etapa\ETAPA_1.1F_VALIDACAO_OBJETIVA.md"
"ETAPA_1.1_RELATORIO_FINAL.md","docs\archive\root-legacy\etapa\ETAPA_1.1_RELATORIO_FINAL.md"
"ETAPA_1.2_ARQUIVOS_ALTERADOS.md","docs\archive\root-legacy\etapa\ETAPA_1.2_ARQUIVOS_ALTERADOS.md"
"ETAPA_1.2_AUDITORIA_METADADOS.md","docs\archive\root-legacy\etapa\ETAPA_1.2_AUDITORIA_METADADOS.md"
"ETAPA_1.2_RELATORIO_FINAL.md","docs\archive\root-legacy\etapa\ETAPA_1.2_RELATORIO_FINAL.md"
"ETAPA_1.3A_ARQUIVOS_ALTERADOS.md","docs\archive\root-legacy\etapa\ETAPA_1.3A_ARQUIVOS_ALTERADOS.md"
"ETAPA_1.3A_AUDITORIA_CONTRATO.md","docs\archive\root-legacy\etapa\ETAPA_1.3A_AUDITORIA_CONTRATO.md"
"ETAPA_1.3A_BLOQUEIO_FINAL.md","docs\archive\root-legacy\etapa\ETAPA_1.3A_BLOQUEIO_FINAL.md"
"ETAPA_1.3A_CONSOLIDACAO_TABELAS.md","docs\archive\root-legacy\etapa\ETAPA_1.3A_CONSOLIDACAO_TABELAS.md"
"ETAPA_1.3A_CORRECOES_APLICADAS.md","docs\archive\root-legacy\etapa\ETAPA_1.3A_CORRECOES_APLICADAS.md"
"ETAPA_1.3A_DESBLOQUEIO_FINAL.md","docs\archive\root-legacy\etapa\ETAPA_1.3A_DESBLOQUEIO_FINAL.md"
"ETAPA_1.3A_ENTREGA_FINAL.md","docs\archive\root-legacy\etapa\ETAPA_1.3A_ENTREGA_FINAL.md"
"ETAPA_1.3A_EVIDENCIAS_RUNTIME.md","docs\archive\root-legacy\etapa\ETAPA_1.3A_EVIDENCIAS_RUNTIME.md"
"ETAPA_1.3A_HOMOLOGACAO_FINAL_SUCESSO.md","docs\archive\root-legacy\etapa\ETAPA_1.3A_HOMOLOGACAO_FINAL_SUCESSO.md"
"ETAPA_1.3A_HOMOLOGACAO_OBSERVADA.md","docs\archive\root-legacy\etapa\ETAPA_1.3A_HOMOLOGACAO_OBSERVADA.md"
"ETAPA_1.3A_HOMOLOGACAO_VISUAL_FINAL.md","docs\archive\root-legacy\etapa\ETAPA_1.3A_HOMOLOGACAO_VISUAL_FINAL.md"
"ETAPA_1.3A_PROBLEMA_FLICKERING.md","docs\archive\root-legacy\etapa\ETAPA_1.3A_PROBLEMA_FLICKERING.md"
"ETAPA_1.3A_RELATORIO_FINAL.md","docs\archive\root-legacy\etapa\ETAPA_1.3A_RELATORIO_FINAL.md"
"ETAPA_1.3A_RELATORIO_HOMOLOGACAO_FINAL.md","docs\archive\root-legacy\etapa\ETAPA_1.3A_RELATORIO_HOMOLOGACAO_FINAL.md"
"ETAPA_1.3A_RESUMO_EXECUTIVO.md","docs\archive\root-legacy\etapa\ETAPA_1.3A_RESUMO_EXECUTIVO.md"
"ETAPA_1.3A_SOLUCAO_BLOQUEIO.md","docs\archive\root-legacy\etapa\ETAPA_1.3A_SOLUCAO_BLOQUEIO.md"
"ETAPA_1.3A_SOLUCAO_FINAL_FLICKERING.md","docs\archive\root-legacy\etapa\ETAPA_1.3A_SOLUCAO_FINAL_FLICKERING.md"
"ETAPA_1.3A_STATUS_FINAL.md","docs\archive\root-legacy\etapa\ETAPA_1.3A_STATUS_FINAL.md"
"ETAPA_1.3A_STATUS_HONESTO.md","docs\archive\root-legacy\etapa\ETAPA_1.3A_STATUS_HONESTO.md"
"ETAPA_1.3A_VALIDACAO_OBJETIVA.md","docs\archive\root-legacy\etapa\ETAPA_1.3A_VALIDACAO_OBJETIVA.md"
"ETAPA_1.3A_VALIDACAO_VISUAL_OBRIGATORIA.md","docs\archive\root-legacy\etapa\ETAPA_1.3A_VALIDACAO_VISUAL_OBRIGATORIA.md"
"ETAPA_1.3B_BLOQUEIO_CIRCULO.md","docs\archive\root-legacy\etapa\ETAPA_1.3B_BLOQUEIO_CIRCULO.md"
"ETAPA_1.3B_CORRECAO_FLICKERING_CIRCULO.md","docs\archive\root-legacy\etapa\ETAPA_1.3B_CORRECAO_FLICKERING_CIRCULO.md"
"ETAPA_1.3B_CORRECAO_LOCALIZACAO_AUTOMATICA.md","docs\archive\root-legacy\etapa\ETAPA_1.3B_CORRECAO_LOCALIZACAO_AUTOMATICA.md"
"ETAPA_1.3B_CORRECAO_NIVEL_AAA.md","docs\archive\root-legacy\etapa\ETAPA_1.3B_CORRECAO_NIVEL_AAA.md"
"ETAPA_1.3B_CORRECOES_APLICADAS_FINAL.md","docs\archive\root-legacy\etapa\ETAPA_1.3B_CORRECOES_APLICADAS_FINAL.md"
"ETAPA_1.3B_DIAGNOSTICO_FINAL.md","docs\archive\root-legacy\etapa\ETAPA_1.3B_DIAGNOSTICO_FINAL.md"
"ETAPA_1.3B_GUIA_VALIDACAO.md","docs\archive\root-legacy\etapa\ETAPA_1.3B_GUIA_VALIDACAO.md"
"ETAPA_1.3B_HOMOLOGACAO_PONTOS_TURISTICOS.md","docs\archive\root-legacy\etapa\ETAPA_1.3B_HOMOLOGACAO_PONTOS_TURISTICOS.md"
"ETAPA_1.3B_INDEX_DOCUMENTACAO.md","docs\archive\root-legacy\etapa\ETAPA_1.3B_INDEX_DOCUMENTACAO.md"
"ETAPA_1.3B_INSTRUCOES_VALIDACAO_LOGS.md","docs\archive\root-legacy\etapa\ETAPA_1.3B_INSTRUCOES_VALIDACAO_LOGS.md"
"ETAPA_1.3B_INSTRUCOES_VALIDACAO_RUNTIME.md","docs\archive\root-legacy\etapa\ETAPA_1.3B_INSTRUCOES_VALIDACAO_RUNTIME.md"
"ETAPA_1.3B_PREVIEW_CIRCULO_HOMOLOGACAO.md","docs\archive\root-legacy\etapa\ETAPA_1.3B_PREVIEW_CIRCULO_HOMOLOGACAO.md"
"ETAPA_1.3B_PROPOSTA.md","docs\archive\root-legacy\etapa\ETAPA_1.3B_PROPOSTA.md"
"ETAPA_1.3B_RELATORIO_FINAL_PONTOS_TURISTICOS.md","docs\archive\root-legacy\etapa\ETAPA_1.3B_RELATORIO_FINAL_PONTOS_TURISTICOS.md"
"ETAPA_1.3B_RELATORIO_HOMOLOGACAO.md","docs\archive\root-legacy\etapa\ETAPA_1.3B_RELATORIO_HOMOLOGACAO.md"
"ETAPA_1.3B_RESUMO_CORRECOES.md","docs\archive\root-legacy\etapa\ETAPA_1.3B_RESUMO_CORRECOES.md"
"ETAPA_1.3B_TEMPLATE_HOMOLOGACAO_RUNTIME.md","docs\archive\root-legacy\etapa\ETAPA_1.3B_TEMPLATE_HOMOLOGACAO_RUNTIME.md"
"ETAPA_1.3B_TEMPLATE_HOMOLOGACAO_RUNTIME_FINAL.md","docs\archive\root-legacy\etapa\ETAPA_1.3B_TEMPLATE_HOMOLOGACAO_RUNTIME_FINAL.md"
"ETAPA_1.3C_HOMOLOGACAO_UI_UX_PERTO_DE_MIM.md","docs\archive\root-legacy\etapa\ETAPA_1.3C_HOMOLOGACAO_UI_UX_PERTO_DE_MIM.md"
"ETAPA_1.3D_OTIMIZACAO_RAIOS_BUSCA.md","docs\archive\root-legacy\etapa\ETAPA_1.3D_OTIMIZACAO_RAIOS_BUSCA.md"
"ETAPA_1.3E_FILTROS_RAPIDOS_CATEGORIAS.md","docs\archive\root-legacy\etapa\ETAPA_1.3E_FILTROS_RAPIDOS_CATEGORIAS.md"
"ETAPA_10B_COMPLETA.md","docs\archive\root-legacy\etapa\ETAPA_10B_COMPLETA.md"
"ETAPA_10_COMPLETA.md","docs\archive\root-legacy\etapa\ETAPA_10_COMPLETA.md"
"ETAPA_12B_APROVADA.md","docs\archive\root-legacy\etapa\ETAPA_12B_APROVADA.md"
"ETAPA_12B_COMPLETA.md","docs\archive\root-legacy\etapa\ETAPA_12B_COMPLETA.md"
"ETAPA_12B_ENCERRAMENTO.md","docs\archive\root-legacy\etapa\ETAPA_12B_ENCERRAMENTO.md"
"ETAPA_12B_FINAL_CORRIGIDA.md","docs\archive\root-legacy\etapa\ETAPA_12B_FINAL_CORRIGIDA.md"
"ETAPA_12B_INSTRUCOES_APLICACAO.md","docs\archive\root-legacy\etapa\ETAPA_12B_INSTRUCOES_APLICACAO.md"
"ETAPA_12B_RECONCILIACAO_FINAL.md","docs\archive\root-legacy\etapa\ETAPA_12B_RECONCILIACAO_FINAL.md"
"ETAPA_12_CHECKLIST.md","docs\archive\root-legacy\etapa\ETAPA_12_CHECKLIST.md"
"ETAPA_12_CLEANUP_FINAL.md","docs\archive\root-legacy\etapa\ETAPA_12_CLEANUP_FINAL.md"
"ETAPA_12_COMPLETA.md","docs\archive\root-legacy\etapa\ETAPA_12_COMPLETA.md"
"ETAPA_12_ENCERRAMENTO_FINAL.md","docs\archive\root-legacy\etapa\ETAPA_12_ENCERRAMENTO_FINAL.md"
"ETAPA_12_FINAL.md","docs\archive\root-legacy\etapa\ETAPA_12_FINAL.md"
"ETAPA_12_RESUMO_EXECUTIVO.md","docs\archive\root-legacy\etapa\ETAPA_12_RESUMO_EXECUTIVO.md"
"ETAPA_1_COMANDOS_SQL.md","docs\archive\root-legacy\etapa\ETAPA_1_COMANDOS_SQL.md"
"ETAPA_1_DOCUMENTACAO_BASE_GEOGRAFICA.md","docs\archive\root-legacy\etapa\ETAPA_1_DOCUMENTACAO_BASE_GEOGRAFICA.md"
"ETAPA_1_ENCERRAMENTO_FORMAL.md","docs\archive\root-legacy\etapa\ETAPA_1_ENCERRAMENTO_FORMAL.md"
"ETAPA_1_EVIDENCIAS_FUNCIONAMENTO.md","docs\archive\root-legacy\etapa\ETAPA_1_EVIDENCIAS_FUNCIONAMENTO.md"
"ETAPA_1_INDEX.md","docs\archive\root-legacy\etapa\ETAPA_1_INDEX.md"
"ETAPA_1_RELATORIO_DIAGNOSTICO_TECNICO.md","docs\archive\root-legacy\etapa\ETAPA_1_RELATORIO_DIAGNOSTICO_TECNICO.md"
"ETAPA_1_RELATORIO_FINAL.md","docs\archive\root-legacy\etapa\ETAPA_1_RELATORIO_FINAL.md"
"ETAPA_1_RELATORIO_FINAL_INTEGRACAO.md","docs\archive\root-legacy\etapa\ETAPA_1_RELATORIO_FINAL_INTEGRACAO.md"
"ETAPA_1_RESUMO_EXECUTIVO.md","docs\archive\root-legacy\etapa\ETAPA_1_RESUMO_EXECUTIVO.md"
"ETAPA_1_STATUS_COMPLETO.md","docs\archive\root-legacy\etapa\ETAPA_1_STATUS_COMPLETO.md"
"ETAPA_1_STATUS_HONESTO.md","docs\archive\root-legacy\etapa\ETAPA_1_STATUS_HONESTO.md"
"ETAPA_1_STATUS_REAL.md","docs\archive\root-legacy\etapa\ETAPA_1_STATUS_REAL.md"
"ETAPA_1_SUBETAPA_FINAL_RELATORIO.md","docs\archive\root-legacy\etapa\ETAPA_1_SUBETAPA_FINAL_RELATORIO.md"
"ETAPA_1_VALIDACAO_OBJETIVA.md","docs\archive\root-legacy\etapa\ETAPA_1_VALIDACAO_OBJETIVA.md"
"ETAPA_2_3_RELATORIO_ATUALIZADO.md","docs\archive\root-legacy\etapa\ETAPA_2_3_RELATORIO_ATUALIZADO.md"
"ETAPA_2_3_RELATORIO_FINAL.md","docs\archive\root-legacy\etapa\ETAPA_2_3_RELATORIO_FINAL.md"
"ETAPA_2_RELATORIO.md","docs\archive\root-legacy\etapa\ETAPA_2_RELATORIO.md"
"ETAPA_2_SCHEMA_SAFETY_COMPLETO.md","docs\archive\root-legacy\etapa\ETAPA_2_SCHEMA_SAFETY_COMPLETO.md"
"ETAPA_3_PRICING_PERSISTIDO_COMPLETO.md","docs\archive\root-legacy\etapa\ETAPA_3_PRICING_PERSISTIDO_COMPLETO.md"
"ETAPA_4_1_AJUSTES_FINAIS.md","docs\archive\root-legacy\etapa\ETAPA_4_1_AJUSTES_FINAIS.md"
"ETAPA_4_1_CONCLUIDA.md","docs\archive\root-legacy\etapa\ETAPA_4_1_CONCLUIDA.md"
"ETAPA_4_1_RELATORIO_FINAL.md","docs\archive\root-legacy\etapa\ETAPA_4_1_RELATORIO_FINAL.md"
"ETAPA_4_1_VALIDACAO_PRICING_FINAL.md","docs\archive\root-legacy\etapa\ETAPA_4_1_VALIDACAO_PRICING_FINAL.md"
"ETAPA_4_1_VALIDACAO_PRICING_RUNTIME.md","docs\archive\root-legacy\etapa\ETAPA_4_1_VALIDACAO_PRICING_RUNTIME.md"
"ETAPA_4_2_CONCLUIDA.md","docs\archive\root-legacy\etapa\ETAPA_4_2_CONCLUIDA.md"
"ETAPA_4_3_ACEITE_FINAL.md","docs\archive\root-legacy\etapa\ETAPA_4_3_ACEITE_FINAL.md"
"ETAPA_4_3_ADMIN_PRICING_COMPLETO.md","docs\archive\root-legacy\etapa\ETAPA_4_3_ADMIN_PRICING_COMPLETO.md"
"ETAPA_4_3_CORRECOES_FINAIS.md","docs\archive\root-legacy\etapa\ETAPA_4_3_CORRECOES_FINAIS.md"
"ETAPA_4_3_RELATORIO_TECNICO.md","docs\archive\root-legacy\etapa\ETAPA_4_3_RELATORIO_TECNICO.md"
"ETAPA_4_3_VALIDACAO_RUNTIME.md","docs\archive\root-legacy\etapa\ETAPA_4_3_VALIDACAO_RUNTIME.md"
"ETAPA_9_COMPLETA.md","docs\archive\root-legacy\etapa\ETAPA_9_COMPLETA.md"
"EVIDENCIA_BLINDAGEM_MAPS.md","docs\archive\root-legacy\evidencia\EVIDENCIA_BLINDAGEM_MAPS.md"
"EVIDENCIA_BLINDAGEM_MAPS_FUNCIONAL.md","docs\archive\root-legacy\evidencia\EVIDENCIA_BLINDAGEM_MAPS_FUNCIONAL.md"
"EVIDENCIA_FASE0_POSTS.md","docs\archive\root-legacy\evidencia\EVIDENCIA_FASE0_POSTS.md"
"EVIDENCIA_FASE1_POSTS.md","docs\archive\root-legacy\evidencia\EVIDENCIA_FASE1_POSTS.md"
"EVIDENCIA_FASE2_POSTS.md","docs\archive\root-legacy\evidencia\EVIDENCIA_FASE2_POSTS.md"
"EVIDENCIA_FASE2_POSTS_COMPLEMENTO.md","docs\archive\root-legacy\evidencia\EVIDENCIA_FASE2_POSTS_COMPLEMENTO.md"
"EVIDENCIA_FASE2_POSTS_FINAL.md","docs\archive\root-legacy\evidencia\EVIDENCIA_FASE2_POSTS_FINAL.md"
"EVIDENCIA_FASE2_VALIDACAO.md","docs\archive\root-legacy\evidencia\EVIDENCIA_FASE2_VALIDACAO.md"
"EVIDENCIA_FASE3_POSTS_FINAL.md","docs\archive\root-legacy\evidencia\EVIDENCIA_FASE3_POSTS_FINAL.md"
"EVIDENCIA_FASE3_VALIDACAO_FUNCIONAL.md","docs\archive\root-legacy\evidencia\EVIDENCIA_FASE3_VALIDACAO_FUNCIONAL.md"
"EVIDENCIA_FASE4_POSTS_FINAL.md","docs\archive\root-legacy\evidencia\EVIDENCIA_FASE4_POSTS_FINAL.md"
"EVIDENCIA_FASE4_TESTES_RUNTIME.md","docs\archive\root-legacy\evidencia\EVIDENCIA_FASE4_TESTES_RUNTIME.md"
"EVIDENCIA_FASE5_COMPONENTES_CORRIGIDA.md","docs\archive\root-legacy\evidencia\EVIDENCIA_FASE5_COMPONENTES_CORRIGIDA.md"
"EVIDENCIA_FASE5_COMPONENTES_FINAL.md","docs\archive\root-legacy\evidencia\EVIDENCIA_FASE5_COMPONENTES_FINAL.md"
"EVIDENCIA_FASE5_NAVEGADOR.md","docs\archive\root-legacy\evidencia\EVIDENCIA_FASE5_NAVEGADOR.md"
"EVIDENCIA_FASE6_TESTES_FINAL.md","docs\archive\root-legacy\evidencia\EVIDENCIA_FASE6_TESTES_FINAL.md"
"EVIDENCIA_FASE7_SEEDS_FINAL.md","docs\archive\root-legacy\evidencia\EVIDENCIA_FASE7_SEEDS_FINAL.md"
"EVIDENCIA_FASE8_DOCUMENTACAO_FINAL.md","docs\archive\root-legacy\evidencia\EVIDENCIA_FASE8_DOCUMENTACAO_FINAL.md"
"EVIDENCIA_LOTE1_TIPOS_PUROS.md","docs\archive\root-legacy\evidencia\EVIDENCIA_LOTE1_TIPOS_PUROS.md"
"EVIDENCIA_RLS_AUTH_FLOW_FINAL.md","docs\archive\root-legacy\evidencia\EVIDENCIA_RLS_AUTH_FLOW_FINAL.md"
"EVIDENCIA_SPRINT1_TOURIST_POINTS.md","docs\archive\root-legacy\evidencia\EVIDENCIA_SPRINT1_TOURIST_POINTS.md"
"EVIDENCIA_SPRINT1_TOURIST_POINTS_V2.md","docs\archive\root-legacy\evidencia\EVIDENCIA_SPRINT1_TOURIST_POINTS_V2.md"
"EVIDENCIA_TECNICA_SSOT_AUDITAVEL.md","docs\archive\root-legacy\evidencia\EVIDENCIA_TECNICA_SSOT_AUDITAVEL.md"
"EVIDENCIA_TYPE_SAFETY_POSTS_POLLS_QA.md","docs\archive\root-legacy\evidencia\EVIDENCIA_TYPE_SAFETY_POSTS_POLLS_QA.md"
"EXECUCAO_CHECKLIST_STAGING.md","docs\archive\root-legacy\execucao\EXECUCAO_CHECKLIST_STAGING.md"
"EXECUCAO_URL_BUSINESS_COM_BAIRRO.md","docs\archive\root-legacy\execucao\EXECUCAO_URL_BUSINESS_COM_BAIRRO.md"
"EXECUTAR_AGORA.md","docs\archive\root-legacy\executar\EXECUTAR_AGORA.md"
"EXECUTAR_AGORA_RPC.md","docs\archive\root-legacy\executar\EXECUTAR_AGORA_RPC.md"
"EXECUTAR_AJUSTES_PRICING.md","docs\archive\root-legacy\executar\EXECUTAR_AJUSTES_PRICING.md"
"EXECUTAR_FECHAMENTO_STAGING.md","docs\archive\root-legacy\executar\EXECUTAR_FECHAMENTO_STAGING.md"
"EXEMPLOS_PRATICOS_AUTH.md","docs\archive\root-legacy\exemplos\EXEMPLOS_PRATICOS_AUTH.md"
"EXEMPLO_USO_DISPATCH.md","docs\archive\root-legacy\exemplo\EXEMPLO_USO_DISPATCH.md"
"EXPLICACAO_ROLLOUTS_SALVADOR.md","docs\archive\root-legacy\explicacao\EXPLICACAO_ROLLOUTS_SALVADOR.md"
"FALLBACK_IP_GEOLOCATION_IMPLEMENTADO.md","docs\archive\root-legacy\fallback\FALLBACK_IP_GEOLOCATION_IMPLEMENTADO.md"
"FASE0_POSTS_REGRAS_TERRITORIAIS.md","docs\archive\root-legacy\fase\FASE0_POSTS_REGRAS_TERRITORIAIS.md"
"FASE1_COMPLETA_RESUMO.md","docs\archive\root-legacy\fase\FASE1_COMPLETA_RESUMO.md"
"FASE5_COMPLETA_SUCESSO.md","docs\archive\root-legacy\fase\FASE5_COMPLETA_SUCESSO.md"
"FASE5_COMPLETA_SUCESSO_FINAL.md","docs\archive\root-legacy\fase\FASE5_COMPLETA_SUCESSO_FINAL.md"
"FASE5_GUIA_VALIDACAO_NAVEGADOR.md","docs\archive\root-legacy\fase\FASE5_GUIA_VALIDACAO_NAVEGADOR.md"
"FASE_1_ENTREGA.md","docs\archive\root-legacy\fase\FASE_1_ENTREGA.md"
"FASE_3_ENTREGA.md","docs\archive\root-legacy\fase\FASE_3_ENTREGA.md"
"FASE_4_ENTREGA.md","docs\archive\root-legacy\fase\FASE_4_ENTREGA.md"
"FASE_5_ENTREGA.md","docs\archive\root-legacy\fase\FASE_5_ENTREGA.md"
"FASE_6_ENTREGA.md","docs\archive\root-legacy\fase\FASE_6_ENTREGA.md"
"FASE_7_ENTREGA.md","docs\archive\root-legacy\fase\FASE_7_ENTREGA.md"
"FASE_8_ENTREGA.md","docs\archive\root-legacy\fase\FASE_8_ENTREGA.md"
"FEATURE_ORDENACAO_VENDEDOR.md","docs\archive\root-legacy\feature\FEATURE_ORDENACAO_VENDEDOR.md"
"FEATURE_SUBCATEGORIAS_CLASSIFICADOS.md","docs\archive\root-legacy\feature\FEATURE_SUBCATEGORIAS_CLASSIFICADOS.md"
"FEATURE_UPLOAD_FOTOS_CLASSIFICADOS.md","docs\archive\root-legacy\feature\FEATURE_UPLOAD_FOTOS_CLASSIFICADOS.md"
"FECHAMENTOS_OBRIGATORIOS_SPRINT2.md","docs\archive\root-legacy\fechamentos\FECHAMENTOS_OBRIGATORIOS_SPRINT2.md"
"FECHAMENTO_DISPATCH_FINAL.md","docs\archive\root-legacy\fechamento\FECHAMENTO_DISPATCH_FINAL.md"
"FECHAMENTO_FASE0_VERSIONAMENTO.md","docs\archive\root-legacy\fechamento\FECHAMENTO_FASE0_VERSIONAMENTO.md"
"FECHAMENTO_FINAL_ENTREGA_EXTERNA.md","docs\archive\root-legacy\fechamento\FECHAMENTO_FINAL_ENTREGA_EXTERNA.md"
"FECHAMENTO_FINAL_SANEAMENTO.md","docs\archive\root-legacy\fechamento\FECHAMENTO_FINAL_SANEAMENTO.md"
"FECHAR_AGORA.md","docs\archive\root-legacy\fechar\FECHAR_AGORA.md"
"FINALIZACAO_CLASSIFICADOS.md","docs\archive\root-legacy\finalizacao\FINALIZACAO_CLASSIFICADOS.md"
"FUNCIONALIDADE_EDICAO_GRUPOS.md","docs\archive\root-legacy\funcionalidade\FUNCIONALIDADE_EDICAO_GRUPOS.md"
"FUNDACAO_GEOGRAFICA_ETAPA1_ENTREGA.md","docs\archive\root-legacy\fundacao\FUNDACAO_GEOGRAFICA_ETAPA1_ENTREGA.md"
"FUNDACAO_GEOGRAFICA_ETAPA2_ENTREGA.md","docs\archive\root-legacy\fundacao\FUNDACAO_GEOGRAFICA_ETAPA2_ENTREGA.md"
"FUNDACAO_GEOGRAFICA_ETAPA4_ENTREGA.md","docs\archive\root-legacy\fundacao\FUNDACAO_GEOGRAFICA_ETAPA4_ENTREGA.md"
"FUNDACAO_GEOGRAFICA_ETAPA5_ENTREGA.md","docs\archive\root-legacy\fundacao\FUNDACAO_GEOGRAFICA_ETAPA5_ENTREGA.md"
"FUNDACAO_GEOGRAFICA_ETAPA6_ENTREGA.md","docs\archive\root-legacy\fundacao\FUNDACAO_GEOGRAFICA_ETAPA6_ENTREGA.md"
"FUNDACAO_GEOGRAFICA_ETAPA7_ENTREGA.md","docs\archive\root-legacy\fundacao\FUNDACAO_GEOGRAFICA_ETAPA7_ENTREGA.md"
"FUNDACAO_MAPA_RELATORIO.md","docs\archive\root-legacy\fundacao\FUNDACAO_MAPA_RELATORIO.md"
"GASTRONOMY_ARCHITECTURE.md","docs\archive\root-legacy\gastronomy\GASTRONOMY_ARCHITECTURE.md"
"GATE_1.5_RELATORIO_FINAL.md","docs\archive\root-legacy\gate\GATE_1.5_RELATORIO_FINAL.md"
"GATE_1_ROUTING_REAL_COMPLETO.md","docs\archive\root-legacy\gate\GATE_1_ROUTING_REAL_COMPLETO.md"
"GATE_1_ROUTING_REAL_FASE_1_DIAGNOSTICO.md","docs\archive\root-legacy\gate\GATE_1_ROUTING_REAL_FASE_1_DIAGNOSTICO.md"
"GATE_1_ROUTING_REAL_FASE_2_3_IMPLEMENTACAO.md","docs\archive\root-legacy\gate\GATE_1_ROUTING_REAL_FASE_2_3_IMPLEMENTACAO.md"
"GATE_2_APLICACAO_MANUAL_INSTRUÇÕES.md","docs\archive\root-legacy\gate\GATE_2_APLICACAO_MANUAL_INSTRUÇÕES.md"
"GATE_2_APLICACAO_MANUAL_NECESSARIA.md","docs\archive\root-legacy\gate\GATE_2_APLICACAO_MANUAL_NECESSARIA.md"
"GATE_2_CHECKLIST.md","docs\archive\root-legacy\gate\GATE_2_CHECKLIST.md"
"GATE_2_CONCLUSAO_FINAL_HONESTA.md","docs\archive\root-legacy\gate\GATE_2_CONCLUSAO_FINAL_HONESTA.md"
"GATE_2_CORRECAO_MINIMA_APLICADA.md","docs\archive\root-legacy\gate\GATE_2_CORRECAO_MINIMA_APLICADA.md"
"GATE_2_CRIAR_USUARIO_TESTE.md","docs\archive\root-legacy\gate\GATE_2_CRIAR_USUARIO_TESTE.md"
"GATE_2_DIAGNOSTICO_CAUSA_RAIZ.md","docs\archive\root-legacy\gate\GATE_2_DIAGNOSTICO_CAUSA_RAIZ.md"
"GATE_2_ETAPA_ZERO_SSOT_LOCALIZACAO.md","docs\archive\root-legacy\gate\GATE_2_ETAPA_ZERO_SSOT_LOCALIZACAO.md"
"GATE_2_FECHAMENTO_DEFINITIVO.md","docs\archive\root-legacy\gate\GATE_2_FECHAMENTO_DEFINITIVO.md"
"GATE_2_FECHAMENTO_FINAL.md","docs\archive\root-legacy\gate\GATE_2_FECHAMENTO_FINAL.md"
"GATE_2_FECHAMENTO_REAL.md","docs\archive\root-legacy\gate\GATE_2_FECHAMENTO_REAL.md"
"GATE_2_FECHAR_AGORA.md","docs\archive\root-legacy\gate\GATE_2_FECHAR_AGORA.md"
"GATE_2_FINAL_PRONTO_APLICAR.md","docs\archive\root-legacy\gate\GATE_2_FINAL_PRONTO_APLICAR.md"
"GATE_2_INSTRUCOES_FINAIS.md","docs\archive\root-legacy\gate\GATE_2_INSTRUCOES_FINAIS.md"
"GATE_2_LIMPEZA_SEGURANCA.md","docs\archive\root-legacy\gate\GATE_2_LIMPEZA_SEGURANCA.md"
"GATE_2_OPCOES_APLICACAO.md","docs\archive\root-legacy\gate\GATE_2_OPCOES_APLICACAO.md"
"GATE_2_PUBLICACAO_LOCALIZACAO_DIAGNOSTICO.md","docs\archive\root-legacy\gate\GATE_2_PUBLICACAO_LOCALIZACAO_DIAGNOSTICO.md"
"GATE_2_PUBLICACAO_LOCALIZACAO_PROGRESSO.md","docs\archive\root-legacy\gate\GATE_2_PUBLICACAO_LOCALIZACAO_PROGRESSO.md"
"GATE_2_RELATORIO_APLICACAO.md","docs\archive\root-legacy\gate\GATE_2_RELATORIO_APLICACAO.md"
"GATE_2_RELATORIO_FINAL.md","docs\archive\root-legacy\gate\GATE_2_RELATORIO_FINAL.md"
"GATE_2_RELATORIO_FINAL_COMPLETO.md","docs\archive\root-legacy\gate\GATE_2_RELATORIO_FINAL_COMPLETO.md"
"GATE_2_RESUMO_CORRECOES.md","docs\archive\root-legacy\gate\GATE_2_RESUMO_CORRECOES.md"
"GATE_2_RESUMO_EXECUTIVO.md","docs\archive\root-legacy\gate\GATE_2_RESUMO_EXECUTIVO.md"
"GATE_2_STATUS_APLICACAO_REMOTA.md","docs\archive\root-legacy\gate\GATE_2_STATUS_APLICACAO_REMOTA.md"
"GATE_2_STATUS_FINAL_HONESTO.md","docs\archive\root-legacy\gate\GATE_2_STATUS_FINAL_HONESTO.md"
"GATE_2_VALIDACAO_OPERACIONAL.md","docs\archive\root-legacy\gate\GATE_2_VALIDACAO_OPERACIONAL.md"
"GATE_2_VALIDACAO_REAL_INSTRUCOES.md","docs\archive\root-legacy\gate\GATE_2_VALIDACAO_REAL_INSTRUCOES.md"
"GATE_2_VEREDITO_FINAL.md","docs\archive\root-legacy\gate\GATE_2_VEREDITO_FINAL.md"
"GATE_2_VEREDITO_FINAL_BLOQUEADO_RLS.md","docs\archive\root-legacy\gate\GATE_2_VEREDITO_FINAL_BLOQUEADO_RLS.md"
"GATE_2_VEREDITO_FINAL_COMPLETO.md","docs\archive\root-legacy\gate\GATE_2_VEREDITO_FINAL_COMPLETO.md"
"GATE_2_VEREDITO_FINAL_RLS.md","docs\archive\root-legacy\gate\GATE_2_VEREDITO_FINAL_RLS.md"
"GATE_2_VEREDITO_OPERACIONAL_FINAL.md","docs\archive\root-legacy\gate\GATE_2_VEREDITO_OPERACIONAL_FINAL.md"
"GATE_3_AUDITORIA_CANCELAMENTO.md","docs\archive\root-legacy\gate\GATE_3_AUDITORIA_CANCELAMENTO.md"
"GATE_3_FECHAMENTO_FINAL.md","docs\archive\root-legacy\gate\GATE_3_FECHAMENTO_FINAL.md"
"GATE_3_FECHAMENTO_RIGOROSO.md","docs\archive\root-legacy\gate\GATE_3_FECHAMENTO_RIGOROSO.md"
"GATE_3_IMPLEMENTACAO_FINAL.md","docs\archive\root-legacy\gate\GATE_3_IMPLEMENTACAO_FINAL.md"
"GATE_3_MOTOBOY_CONTRATO_AJUSTADO.md","docs\archive\root-legacy\gate\GATE_3_MOTOBOY_CONTRATO_AJUSTADO.md"
"GATE_3_MOTOBOY_CONTRATO_FINAL.md","docs\archive\root-legacy\gate\GATE_3_MOTOBOY_CONTRATO_FINAL.md"
"GATE_3_MOTOBOY_RASTREAMENTO_ITEM.md","docs\archive\root-legacy\gate\GATE_3_MOTOBOY_RASTREAMENTO_ITEM.md"
"GATE_3_PREPARACAO.md","docs\archive\root-legacy\gate\GATE_3_PREPARACAO.md"
"GATE_3_RELATORIO_FINAL.md","docs\archive\root-legacy\gate\GATE_3_RELATORIO_FINAL.md"
"GATE_3_STATUS_HONESTO.md","docs\archive\root-legacy\gate\GATE_3_STATUS_HONESTO.md"
"GATE_3_VALIDACAO_COMPLETA.md","docs\archive\root-legacy\gate\GATE_3_VALIDACAO_COMPLETA.md"
"GATE_3_VALIDACAO_OPERACIONAL.md","docs\archive\root-legacy\gate\GATE_3_VALIDACAO_OPERACIONAL.md"
"GATE_3_VEREDITO_HONESTO.md","docs\archive\root-legacy\gate\GATE_3_VEREDITO_HONESTO.md"
"GATE_3_VEREDITO_RIGOROSO.md","docs\archive\root-legacy\gate\GATE_3_VEREDITO_RIGOROSO.md"
"GATE_4_E_INTEGRACAO_FUTURA.md","docs\archive\root-legacy\gate\GATE_4_E_INTEGRACAO_FUTURA.md"
"GATE_4_RELATORIO_FINAL.md","docs\archive\root-legacy\gate\GATE_4_RELATORIO_FINAL.md"
"GATE_5_APLICAR_AGORA.md","docs\archive\root-legacy\gate\GATE_5_APLICAR_AGORA.md"
"GATE_5_DIAGNOSTICO_CIRURGICO.md","docs\archive\root-legacy\gate\GATE_5_DIAGNOSTICO_CIRURGICO.md"
"GATE_5_DIAGNOSTICO_RLS.md","docs\archive\root-legacy\gate\GATE_5_DIAGNOSTICO_RLS.md"
"GATE_5_FECHAMENTO_FINAL.md","docs\archive\root-legacy\gate\GATE_5_FECHAMENTO_FINAL.md"
"GATE_5_INSTRUCOES_APLICAR_RLS.md","docs\archive\root-legacy\gate\GATE_5_INSTRUCOES_APLICAR_RLS.md"
"GATE_5_PROPOSTA_AJUSTADA_FINAL.md","docs\archive\root-legacy\gate\GATE_5_PROPOSTA_AJUSTADA_FINAL.md"
"GATE_5_PROPOSTA_DISPONIBILIDADE.md","docs\archive\root-legacy\gate\GATE_5_PROPOSTA_DISPONIBILIDADE.md"
"GATE_5_RELATORIO_FINAL.md","docs\archive\root-legacy\gate\GATE_5_RELATORIO_FINAL.md"
"GATE_5_RELATORIO_FINAL_FECHAMENTO.md","docs\archive\root-legacy\gate\GATE_5_RELATORIO_FINAL_FECHAMENTO.md"
"GATE_5_RELATORIO_FINAL_HONESTO.md","docs\archive\root-legacy\gate\GATE_5_RELATORIO_FINAL_HONESTO.md"
"GATE_5_RELATORIO_IMPLEMENTACAO.md","docs\archive\root-legacy\gate\GATE_5_RELATORIO_IMPLEMENTACAO.md"
"GATE_5_RELATORIO_SSOT_SCHEMA.md","docs\archive\root-legacy\gate\GATE_5_RELATORIO_SSOT_SCHEMA.md"
"GATE_5_RESUMO_EXECUTIVO.md","docs\archive\root-legacy\gate\GATE_5_RESUMO_EXECUTIVO.md"
"GATE_5_RESUMO_TRABALHO.md","docs\archive\root-legacy\gate\GATE_5_RESUMO_TRABALHO.md"
"GATE_5_STATUS_ATUAL.md","docs\archive\root-legacy\gate\GATE_5_STATUS_ATUAL.md"
"GATE_5_STATUS_FINAL_HONESTO.md","docs\archive\root-legacy\gate\GATE_5_STATUS_FINAL_HONESTO.md"
"GATE_5_STATUS_FINAL_VALIDACAO.md","docs\archive\root-legacy\gate\GATE_5_STATUS_FINAL_VALIDACAO.md"
"GATE_5_VEREDITO_FINAL.md","docs\archive\root-legacy\gate\GATE_5_VEREDITO_FINAL.md"
"GATE_5_VEREDITO_FINAL_SCHEMA.md","docs\archive\root-legacy\gate\GATE_5_VEREDITO_FINAL_SCHEMA.md"
"GATE_6_ACAO_IMEDIATA.md","docs\archive\root-legacy\gate\GATE_6_ACAO_IMEDIATA.md"
"GATE_6_CAUSA_RAIZ_EXPIRED_FINAL.md","docs\archive\root-legacy\gate\GATE_6_CAUSA_RAIZ_EXPIRED_FINAL.md"
"GATE_6_CORRECOES_APLICADAS_FINAL.md","docs\archive\root-legacy\gate\GATE_6_CORRECOES_APLICADAS_FINAL.md"
"GATE_6_DESBLOQUEIO_FINAL.md","docs\archive\root-legacy\gate\GATE_6_DESBLOQUEIO_FINAL.md"
"GATE_6_DIAGNOSTICO_CIRURGICO_FINAL.md","docs\archive\root-legacy\gate\GATE_6_DIAGNOSTICO_CIRURGICO_FINAL.md"
"GATE_6_DIAGNOSTICO_TIMESTAMPS.md","docs\archive\root-legacy\gate\GATE_6_DIAGNOSTICO_TIMESTAMPS.md"
"GATE_6_FECHAMENTO_FINAL.md","docs\archive\root-legacy\gate\GATE_6_FECHAMENTO_FINAL.md"
"GATE_6_MINI_RELATORIO_SETUP.md","docs\archive\root-legacy\gate\GATE_6_MINI_RELATORIO_SETUP.md"
"GATE_6_MOTOBOY_DEPLOY_INSTRUCOES.md","docs\archive\root-legacy\gate\GATE_6_MOTOBOY_DEPLOY_INSTRUCOES.md"
"GATE_6_MOTOBOY_INSTRUCOES_FINAIS.md","docs\archive\root-legacy\gate\GATE_6_MOTOBOY_INSTRUCOES_FINAIS.md"
"GATE_6_MOTOBOY_RELATORIO_PARCIAL.md","docs\archive\root-legacy\gate\GATE_6_MOTOBOY_RELATORIO_PARCIAL.md"
"GATE_6_MOTOBOY_STATUS_ATUAL.md","docs\archive\root-legacy\gate\GATE_6_MOTOBOY_STATUS_ATUAL.md"
"GATE_6_MOTOBOY_ULTIMAS_CORRECOES.md","docs\archive\root-legacy\gate\GATE_6_MOTOBOY_ULTIMAS_CORRECOES.md"
"GATE_6_PASSO_A_PASSO.md","docs\archive\root-legacy\gate\GATE_6_PASSO_A_PASSO.md"
"GATE_6_PROPOSTA_COMPLETA.md","docs\archive\root-legacy\gate\GATE_6_PROPOSTA_COMPLETA.md"
"GATE_6_PROPOSTA_CORRIGIDA_SSOT.md","docs\archive\root-legacy\gate\GATE_6_PROPOSTA_CORRIGIDA_SSOT.md"
"GATE_6_PROPOSTA_FINAL_SSOT_REAL.md","docs\archive\root-legacy\gate\GATE_6_PROPOSTA_FINAL_SSOT_REAL.md"
"GATE_6_RELATORIO_CAUSA_RAIZ_CURTO.md","docs\archive\root-legacy\gate\GATE_6_RELATORIO_CAUSA_RAIZ_CURTO.md"
"GATE_6_RELATORIO_CAUSA_RAIZ_FINAL.md","docs\archive\root-legacy\gate\GATE_6_RELATORIO_CAUSA_RAIZ_FINAL.md"
"GATE_6_RELATORIO_EXECUCAO_FINAL.md","docs\archive\root-legacy\gate\GATE_6_RELATORIO_EXECUCAO_FINAL.md"
"GATE_6_RELATORIO_EXECUCAO_FINAL_CORRIGIDO.md","docs\archive\root-legacy\gate\GATE_6_RELATORIO_EXECUCAO_FINAL_CORRIGIDO.md"
"GATE_6_RELATORIO_EXECUCAO_FINAL_DETERMINISTICA.md","docs\archive\root-legacy\gate\GATE_6_RELATORIO_EXECUCAO_FINAL_DETERMINISTICA.md"
"GATE_6_RELATORIO_FINAL_CORRECAO_RLS.md","docs\archive\root-legacy\gate\GATE_6_RELATORIO_FINAL_CORRECAO_RLS.md"
"GATE_6_RELATORIO_FINAL_CORRECOES.md","docs\archive\root-legacy\gate\GATE_6_RELATORIO_FINAL_CORRECOES.md"
"GATE_6_RELATORIO_FINAL_CORRIGIDO.md","docs\archive\root-legacy\gate\GATE_6_RELATORIO_FINAL_CORRIGIDO.md"
"GATE_6_RELATORIO_FINAL_CURTO.md","docs\archive\root-legacy\gate\GATE_6_RELATORIO_FINAL_CURTO.md"
"GATE_6_RELATORIO_FINAL_RUNTIME_REAL.md","docs\archive\root-legacy\gate\GATE_6_RELATORIO_FINAL_RUNTIME_REAL.md"
"GATE_6_RELATORIO_IMPLEMENTACAO.md","docs\archive\root-legacy\gate\GATE_6_RELATORIO_IMPLEMENTACAO.md"
"GATE_6_RELATORIO_PRE_EXECUCAO.md","docs\archive\root-legacy\gate\GATE_6_RELATORIO_PRE_EXECUCAO.md"
"GATE_6_RESPOSTAS_OBJETIVAS.md","docs\archive\root-legacy\gate\GATE_6_RESPOSTAS_OBJETIVAS.md"
"GATE_6_SETUP_FIXTURES_COMPLETO.md","docs\archive\root-legacy\gate\GATE_6_SETUP_FIXTURES_COMPLETO.md"
"GATE_6_SOLUCAO_FINAL_SSOT.md","docs\archive\root-legacy\gate\GATE_6_SOLUCAO_FINAL_SSOT.md"
"GATE_6_STATUS_ATUAL_DISPATCH_AUTOMATICO.md","docs\archive\root-legacy\gate\GATE_6_STATUS_ATUAL_DISPATCH_AUTOMATICO.md"
"GATE_6_VERDADE_DISPATCH_EVIDENCIA.md","docs\archive\root-legacy\gate\GATE_6_VERDADE_DISPATCH_EVIDENCIA.md"
"GATE_6_VERDADE_OBJETIVA.md","docs\archive\root-legacy\gate\GATE_6_VERDADE_OBJETIVA.md"
"GATE_6_VERSAO_FINAL_EXECUTAVEL.md","docs\archive\root-legacy\gate\GATE_6_VERSAO_FINAL_EXECUTAVEL.md"
"GATE_7_APLICAR_MIGRATION_RLS.md","docs\archive\root-legacy\gate\GATE_7_APLICAR_MIGRATION_RLS.md"
"GATE_7_APLICAR_RLS_AGORA.md","docs\archive\root-legacy\gate\GATE_7_APLICAR_RLS_AGORA.md"
"GATE_7_CORRECAO_MODELAGEM_ENTREGA.md","docs\archive\root-legacy\gate\GATE_7_CORRECAO_MODELAGEM_ENTREGA.md"
"GATE_7_FASE_2.5_DECISAO_EXIGENCIA.md","docs\archive\root-legacy\gate\GATE_7_FASE_2.5_DECISAO_EXIGENCIA.md"
"GATE_7_INSTRUCOES_FINAIS_VALIDACAO.md","docs\archive\root-legacy\gate\GATE_7_INSTRUCOES_FINAIS_VALIDACAO.md"
"GATE_7_INSTRUCOES_RLS.md","docs\archive\root-legacy\gate\GATE_7_INSTRUCOES_RLS.md"
"GATE_7_PROGRESSO_FASE_1.md","docs\archive\root-legacy\gate\GATE_7_PROGRESSO_FASE_1.md"
"GATE_7_PROGRESSO_FASE_2.md","docs\archive\root-legacy\gate\GATE_7_PROGRESSO_FASE_2.md"
"GATE_7_PROPOSTA_PIN_VERIFICATION.md","docs\archive\root-legacy\gate\GATE_7_PROPOSTA_PIN_VERIFICATION.md"
"GATE_7_RELATORIO_FASE_2.5_FINAL.md","docs\archive\root-legacy\gate\GATE_7_RELATORIO_FASE_2.5_FINAL.md"
"GATE_7_RELATORIO_FINAL.md","docs\archive\root-legacy\gate\GATE_7_RELATORIO_FINAL.md"
"GATE_7_RELATORIO_FINAL_COMPLETO.md","docs\archive\root-legacy\gate\GATE_7_RELATORIO_FINAL_COMPLETO.md"
"GATE_7_RELATORIO_FINAL_CONSOLIDADO.md","docs\archive\root-legacy\gate\GATE_7_RELATORIO_FINAL_CONSOLIDADO.md"
"GATE_7_RELATORIO_FINAL_DIAGNOSTICO.md","docs\archive\root-legacy\gate\GATE_7_RELATORIO_FINAL_DIAGNOSTICO.md"
"GATE_7_RELATORIO_ISOLAMENTO.md","docs\archive\root-legacy\gate\GATE_7_RELATORIO_ISOLAMENTO.md"
"GATE_7_RELATORIO_PARCIAL_RLS_BLOQUEIO.md","docs\archive\root-legacy\gate\GATE_7_RELATORIO_PARCIAL_RLS_BLOQUEIO.md"
"GATE_7_STATUS_HONESTO_FASE_2.5.md","docs\archive\root-legacy\gate\GATE_7_STATUS_HONESTO_FASE_2.5.md"
"GEOLOCALIZACAO_HOMEPAGE_PROFISSIONAL.md","docs\archive\root-legacy\geolocalizacao\GEOLOCALIZACAO_HOMEPAGE_PROFISSIONAL.md"
"GEOLOCALIZACAO_ROBUSTA.md","docs\archive\root-legacy\geolocalizacao\GEOLOCALIZACAO_ROBUSTA.md"
"GOOGLE_MAPS_VS_MAPLIBRE_UX.md","docs\archive\root-legacy\google\GOOGLE_MAPS_VS_MAPLIBRE_UX.md"
"GO_LIVE_CHECKLIST.md","docs\archive\root-legacy\go\GO_LIVE_CHECKLIST.md"
"GUIA_APLICAR_MIGRATIONS.md","docs\archive\root-legacy\guia\GUIA_APLICAR_MIGRATIONS.md"
"GUIA_ATIVACAO_BAIRROS.md","docs\archive\root-legacy\guia\GUIA_ATIVACAO_BAIRROS.md"
"GUIA_IMPLEMENTACAO_MAPA.md","docs\archive\root-legacy\guia\GUIA_IMPLEMENTACAO_MAPA.md"
"GUIA_PRATICO_CORRECAO_SSOT.md","docs\archive\root-legacy\guia\GUIA_PRATICO_CORRECAO_SSOT.md"
"GUIA_RAPIDO_SSOT.md","docs\archive\root-legacy\guia\GUIA_RAPIDO_SSOT.md"
"GUIA_RAPIDO_SSOT_URLS.md","docs\archive\root-legacy\guia\GUIA_RAPIDO_SSOT_URLS.md"
"GUIA_RAPIDO_USO.md","docs\archive\root-legacy\guia\GUIA_RAPIDO_USO.md"
"GUIA_RAPIDO_VALIDACAO_MANUAL.md","docs\archive\root-legacy\guia\GUIA_RAPIDO_VALIDACAO_MANUAL.md"
"GUIA_TESTES_BUSINESS_COM_BAIRRO.md","docs\archive\root-legacy\guia\GUIA_TESTES_BUSINESS_COM_BAIRRO.md"
"GUIA_TESTE_E2E_CLASSIFICADOS.md","docs\archive\root-legacy\guia\GUIA_TESTE_E2E_CLASSIFICADOS.md"
"GUIA_TESTE_MOBILE_REAL.md","docs\archive\root-legacy\guia\GUIA_TESTE_MOBILE_REAL.md"
"GUIA_TESTE_PERTO_DE_MIM.md","docs\archive\root-legacy\guia\GUIA_TESTE_PERTO_DE_MIM.md"
"GUIA_TESTE_UPLOAD_FOTOS.md","docs\archive\root-legacy\guia\GUIA_TESTE_UPLOAD_FOTOS.md"
"GUIA_USO_TERRITORY_AI.md","docs\archive\root-legacy\guia\GUIA_USO_TERRITORY_AI.md"
"GUIA_VALIDACAO_NAVEGADOR.md","docs\archive\root-legacy\guia\GUIA_VALIDACAO_NAVEGADOR.md"
"HARDENING_INSTRUCOES_APLICAR.md","docs\archive\root-legacy\hardening\HARDENING_INSTRUCOES_APLICAR.md"
"HOMOLOGACAO_COMPLETA_FINAL.md","docs\archive\root-legacy\homologacao\HOMOLOGACAO_COMPLETA_FINAL.md"
"HOMOLOGACAO_EXECUTIVA.md","docs\archive\root-legacy\homologacao\HOMOLOGACAO_EXECUTIVA.md"
"HOTFIX_MODO_RAIO_UX.md","docs\archive\root-legacy\hotfix\HOTFIX_MODO_RAIO_UX.md"
"HUSKY_HOOKS_IMPLEMENTADO.md","docs\archive\root-legacy\husky\HUSKY_HOOKS_IMPLEMENTADO.md"
"IMPACTO_REMOCAO_MOCKS.md","docs\archive\root-legacy\impacto\IMPACTO_REMOCAO_MOCKS.md"
"IMPLEMENTACAO_ADMIN_AAA_FASE1.md","docs\archive\root-legacy\implementacao\IMPLEMENTACAO_ADMIN_AAA_FASE1.md"
"IMPLEMENTACAO_ADMIN_PROFILE_COMPLETA.md","docs\archive\root-legacy\implementacao\IMPLEMENTACAO_ADMIN_PROFILE_COMPLETA.md"
"IMPLEMENTACAO_AUTOCOMPLETE_LOCALIZACAO.md","docs\archive\root-legacy\implementacao\IMPLEMENTACAO_AUTOCOMPLETE_LOCALIZACAO.md"
"IMPLEMENTACAO_COMPLETA_BAIRROS.md","docs\archive\root-legacy\implementacao\IMPLEMENTACAO_COMPLETA_BAIRROS.md"
"IMPLEMENTACAO_COMPLETA_FINAL.md","docs\archive\root-legacy\implementacao\IMPLEMENTACAO_COMPLETA_FINAL.md"
"IMPLEMENTACAO_COMPLETA_UPLOAD_FOTOS.md","docs\archive\root-legacy\implementacao\IMPLEMENTACAO_COMPLETA_UPLOAD_FOTOS.md"
"IMPLEMENTACAO_CONTROLES_MAPA.md","docs\archive\root-legacy\implementacao\IMPLEMENTACAO_CONTROLES_MAPA.md"
"IMPLEMENTACAO_DESTAQUE_MAPA.md","docs\archive\root-legacy\implementacao\IMPLEMENTACAO_DESTAQUE_MAPA.md"
"IMPLEMENTACAO_E2E_COMPLETA.md","docs\archive\root-legacy\implementacao\IMPLEMENTACAO_E2E_COMPLETA.md"
"IMPLEMENTACAO_FILTRO_PERTO_DE_MIM.md","docs\archive\root-legacy\implementacao\IMPLEMENTACAO_FILTRO_PERTO_DE_MIM.md"
"IMPLEMENTACAO_FILTRO_TERRITORIAL_EVENTOS.md","docs\archive\root-legacy\implementacao\IMPLEMENTACAO_FILTRO_TERRITORIAL_EVENTOS.md"
"IMPLEMENTACAO_FINALIZADA.md","docs\archive\root-legacy\implementacao\IMPLEMENTACAO_FINALIZADA.md"
"IMPLEMENTACAO_FINAL_RESUMO.md","docs\archive\root-legacy\implementacao\IMPLEMENTACAO_FINAL_RESUMO.md"
"IMPLEMENTACAO_LOCATION_PROFILE_EDIT.md","docs\archive\root-legacy\implementacao\IMPLEMENTACAO_LOCATION_PROFILE_EDIT.md"
"IMPLEMENTACAO_MAPA_BAIRRO.md","docs\archive\root-legacy\implementacao\IMPLEMENTACAO_MAPA_BAIRRO.md"
"IMPLEMENTACAO_MELHORIAS_FASE1.md","docs\archive\root-legacy\implementacao\IMPLEMENTACAO_MELHORIAS_FASE1.md"
"IMPLEMENTACAO_RESTRICAO_COMUNIDADE.md","docs\archive\root-legacy\implementacao\IMPLEMENTACAO_RESTRICAO_COMUNIDADE.md"
"IMPLEMENTACAO_RESTRICAO_TERRITORIOS.md","docs\archive\root-legacy\implementacao\IMPLEMENTACAO_RESTRICAO_TERRITORIOS.md"
"IMPLEMENTACAO_SENTRY_COMPLETA.md","docs\archive\root-legacy\implementacao\IMPLEMENTACAO_SENTRY_COMPLETA.md"
"IMPLEMENTACAO_SINALIZACAO_IMPACTO_IDENTIDADE.md","docs\archive\root-legacy\implementacao\IMPLEMENTACAO_SINALIZACAO_IMPACTO_IDENTIDADE.md"
"IMPLEMENTACAO_SSOT_COMPLETA_FINALIZADA.md","docs\archive\root-legacy\implementacao\IMPLEMENTACAO_SSOT_COMPLETA_FINALIZADA.md"
"IMPLEMENTACAO_URL_BUSINESS_COM_BAIRRO_OBRIGATORIO.md","docs\archive\root-legacy\implementacao\IMPLEMENTACAO_URL_BUSINESS_COM_BAIRRO_OBRIGATORIO.md"
"INDEX_DOCUMENTACAO.md","docs\archive\root-legacy\index\INDEX_DOCUMENTACAO.md"
"INDICADOR_GEOLOCALIZACAO_IMPLEMENTADO.md","docs\archive\root-legacy\indicador\INDICADOR_GEOLOCALIZACAO_IMPLEMENTADO.md"
"INDICE_AUDITORIA_SSOT.md","docs\archive\root-legacy\indice\INDICE_AUDITORIA_SSOT.md"
"INDICE_DOCUMENTACAO.md","docs\archive\root-legacy\indice\INDICE_DOCUMENTACAO.md"
"INDICE_DOCUMENTACAO_AUTH.md","docs\archive\root-legacy\indice\INDICE_DOCUMENTACAO_AUTH.md"
"INDICE_DOCUMENTACAO_GEOLOCALIZACAO.md","docs\archive\root-legacy\indice\INDICE_DOCUMENTACAO_GEOLOCALIZACAO.md"
"INDICE_DOCUMENTACAO_MAPS.md","docs\archive\root-legacy\indice\INDICE_DOCUMENTACAO_MAPS.md"
"INDICE_REFATORACAO_MODO_RAIO.md","docs\archive\root-legacy\indice\INDICE_REFATORACAO_MODO_RAIO.md"
"INICIO_RAPIDO_TESTE.md","docs\archive\root-legacy\inicio\INICIO_RAPIDO_TESTE.md"
"INSERIR_CLASSIFICADO_MANUAL.md","docs\archive\root-legacy\inserir\INSERIR_CLASSIFICADO_MANUAL.md"
"INSTRUCOES_APLICAR_AGORA.md","docs\archive\root-legacy\instrucoes\INSTRUCOES_APLICAR_AGORA.md"
"INSTRUCOES_APLICAR_CORRECAO.md","docs\archive\root-legacy\instrucoes\INSTRUCOES_APLICAR_CORRECAO.md"
"INSTRUCOES_APLICAR_MIGRATION.md","docs\archive\root-legacy\instrucoes\INSTRUCOES_APLICAR_MIGRATION.md"
"INSTRUCOES_APLICAR_MIGRATION_REACH.md","docs\archive\root-legacy\instrucoes\INSTRUCOES_APLICAR_MIGRATION_REACH.md"
"INSTRUCOES_APLICAR_POLICIES.md","docs\archive\root-legacy\instrucoes\INSTRUCOES_APLICAR_POLICIES.md"
"INSTRUCOES_APLICAR_RPC.md","docs\archive\root-legacy\instrucoes\INSTRUCOES_APLICAR_RPC.md"
"INSTRUCOES_APLICAR_SQL.md","docs\archive\root-legacy\instrucoes\INSTRUCOES_APLICAR_SQL.md"
"INSTRUCOES_COMMIT_FINAL.md","docs\archive\root-legacy\instrucoes\INSTRUCOES_COMMIT_FINAL.md"
"INSTRUCOES_DEPLOY.md","docs\archive\root-legacy\instrucoes\INSTRUCOES_DEPLOY.md"
"INSTRUCOES_FINAIS.md","docs\archive\root-legacy\instrucoes\INSTRUCOES_FINAIS.md"
"INSTRUCOES_FINAIS_STAGING.md","docs\archive\root-legacy\instrucoes\INSTRUCOES_FINAIS_STAGING.md"
"INSTRUCOES_MIGRACAO_ALERTAS.md","docs\archive\root-legacy\instrucoes\INSTRUCOES_MIGRACAO_ALERTAS.md"
"INSTRUCOES_MIGRACAO_COMMUNITY_ISSUES.md","docs\archive\root-legacy\instrucoes\INSTRUCOES_MIGRACAO_COMMUNITY_ISSUES.md"
"INSTRUCOES_PRE_PRODUCAO.md","docs\archive\root-legacy\instrucoes\INSTRUCOES_PRE_PRODUCAO.md"
"INSTRUCOES_PROXIMOS_PASSOS.md","docs\archive\root-legacy\instrucoes\INSTRUCOES_PROXIMOS_PASSOS.md"
"INSTRUCOES_SEED_MANUAL.md","docs\archive\root-legacy\instrucoes\INSTRUCOES_SEED_MANUAL.md"
"INSTRUCOES_SEED_MOCK.md","docs\archive\root-legacy\instrucoes\INSTRUCOES_SEED_MOCK.md"
"INSTRUCOES_TESTE_AGORA.md","docs\archive\root-legacy\instrucoes\INSTRUCOES_TESTE_AGORA.md"
"INSTRUCOES_TESTE_UI_MANUAL.md","docs\archive\root-legacy\instrucoes\INSTRUCOES_TESTE_UI_MANUAL.md"
"INSTRUCOES_VALIDACAO_RUNTIME.md","docs\archive\root-legacy\instrucoes\INSTRUCOES_VALIDACAO_RUNTIME.md"
"INTEGRACAO_GASTRONOMY_COMPLETA.md","docs\archive\root-legacy\integracao\INTEGRACAO_GASTRONOMY_COMPLETA.md"
"INTEGRACAO_GASTRONOMY_EMPRESAS.md","docs\archive\root-legacy\integracao\INTEGRACAO_GASTRONOMY_EMPRESAS.md"
"INTEGRACAO_POWERBI.md","docs\archive\root-legacy\integracao\INTEGRACAO_POWERBI.md"
"INTEGRACAO_POWERBI_CONCLUIDA.md","docs\archive\root-legacy\integracao\INTEGRACAO_POWERBI_CONCLUIDA.md"
"INTEGRACAO_POWERBI_FINALIZADA.md","docs\archive\root-legacy\integracao\INTEGRACAO_POWERBI_FINALIZADA.md"
"INVENTARIO_OPERACOES_SSOT.md","docs\archive\root-legacy\inventario\INVENTARIO_OPERACOES_SSOT.md"
"INVESTIGACAO_FASE5_PROBLEMAS.md","docs\archive\root-legacy\investigacao\INVESTIGACAO_FASE5_PROBLEMAS.md"
"JORNADA_COMPLETA.md","docs\archive\root-legacy\jornada\JORNADA_COMPLETA.md"
"LAYOUT_FINAL_DESTAQUES.md","docs\archive\root-legacy\layout\LAYOUT_FINAL_DESTAQUES.md"
"LAZY_LOADING_IMPLEMENTATION.md","docs\archive\root-legacy\lazy\LAZY_LOADING_IMPLEMENTATION.md"
"LEIA-ME_PRIMEIRO.md","docs\archive\root-legacy\leia\LEIA-ME_PRIMEIRO.md"
"LIMPAR_CACHE_BAIRROS.md","docs\archive\root-legacy\limpar\LIMPAR_CACHE_BAIRROS.md"
"LIMPEZA_FINAL_COMPLETA.md","docs\archive\root-legacy\limpeza\LIMPEZA_FINAL_COMPLETA.md"
"LIMPEZA_GRUPOS_EXECUTADA.md","docs\archive\root-legacy\limpeza\LIMPEZA_GRUPOS_EXECUTADA.md"
"LIMPEZA_RECOMENDADA.md","docs\archive\root-legacy\limpeza\LIMPEZA_RECOMENDADA.md"
"LIMPEZA_TOPBAR_COMPLETA.md","docs\archive\root-legacy\limpeza\LIMPEZA_TOPBAR_COMPLETA.md"
"LOGS_CRITICOS_STATUS_FINAL.md","docs\archive\root-legacy\logs\LOGS_CRITICOS_STATUS_FINAL.md"
"MAPA_ACESSO_SUPABASE.md","docs\archive\root-legacy\mapa\MAPA_ACESSO_SUPABASE.md"
"MAPA_CHECKLIST_FINAL.md","docs\archive\root-legacy\mapa\MAPA_CHECKLIST_FINAL.md"
"MAPA_DOMINIOS_CONSOLIDADO.md","docs\archive\root-legacy\mapa\MAPA_DOMINIOS_CONSOLIDADO.md"
"MAPA_FUNDACAO_COMPLETA.md","docs\archive\root-legacy\mapa\MAPA_FUNDACAO_COMPLETA.md"
"MAPEAMENTO_TYPE_SAFETY_EXPANDIDA.md","docs\archive\root-legacy\mapeamento\MAPEAMENTO_TYPE_SAFETY_EXPANDIDA.md"
"MELHORIAS_DASHBOARD_IMPLEMENTADAS.md","docs\archive\root-legacy\melhorias\MELHORIAS_DASHBOARD_IMPLEMENTADAS.md"
"MELHORIAS_HERO_CTA.md","docs\archive\root-legacy\melhorias\MELHORIAS_HERO_CTA.md"
"MELHORIAS_PAGINA_BRASIL.md","docs\archive\root-legacy\melhorias\MELHORIAS_PAGINA_BRASIL.md"
"MELHORIAS_POS_SSOT_CONCLUIDAS.md","docs\archive\root-legacy\melhorias\MELHORIAS_POS_SSOT_CONCLUIDAS.md"
"MELHORIAS_UI_EXECUTADAS.md","docs\archive\root-legacy\melhorias\MELHORIAS_UI_EXECUTADAS.md"
"MELHORIA_SIDEBAR_ESQUERDA_COMUNIDADE.md","docs\archive\root-legacy\melhoria\MELHORIA_SIDEBAR_ESQUERDA_COMUNIDADE.md"
"MELHORIA_UI_UX_PERTO_DE_MIM.md","docs\archive\root-legacy\melhoria\MELHORIA_UI_UX_PERTO_DE_MIM.md"
"MICROCOMPLEMENTO_FASE5_DOM_RENDER.md","docs\archive\root-legacy\microcomplemento\MICROCOMPLEMENTO_FASE5_DOM_RENDER.md"
"MIGRACAO_CLASSIFICADOS_LANDING.md","docs\archive\root-legacy\migracao\MIGRACAO_CLASSIFICADOS_LANDING.md"
"MIGRACAO_COMMUNITY_ISSUES_CONCLUIDA.md","docs\archive\root-legacy\migracao\MIGRACAO_COMMUNITY_ISSUES_CONCLUIDA.md"
"MIGRACAO_GOOGLE_MAPS_PARA_MAPLIBRE.md","docs\archive\root-legacy\migracao\MIGRACAO_GOOGLE_MAPS_PARA_MAPLIBRE.md"
"MIGRACAO_SSOT_100_COMPLETA.md","docs\archive\root-legacy\migracao\MIGRACAO_SSOT_100_COMPLETA.md"
"MIGRACAO_TYPES_GENERATED_COMPLETA.md","docs\archive\root-legacy\migracao\MIGRACAO_TYPES_GENERATED_COMPLETA.md"
"MIGRATIONS_APLICADAS_SUCESSO.md","docs\archive\root-legacy\migrations\MIGRATIONS_APLICADAS_SUCESSO.md"
"MIGRATION_APLICADA.md","docs\archive\root-legacy\migration\MIGRATION_APLICADA.md"
"MIGRATION_REACH_APLICADA_SUCESSO.md","docs\archive\root-legacy\migration\MIGRATION_REACH_APLICADA_SUCESSO.md"
"MIGRATION_REDE_APROVADA.md","docs\archive\root-legacy\migration\MIGRATION_REDE_APROVADA.md"
"MOBILIDADE_ADICIONADA_DASHBOARD.md","docs\archive\root-legacy\mobilidade\MOBILIDADE_ADICIONADA_DASHBOARD.md"
"MOBILIDADE_AUDITORIA_FINAL_RIGOROSA.md","docs\archive\root-legacy\mobilidade\MOBILIDADE_AUDITORIA_FINAL_RIGOROSA.md"
"MOBILIDADE_CHECKLIST_VALIDACAO.md","docs\archive\root-legacy\mobilidade\MOBILIDADE_CHECKLIST_VALIDACAO.md"
"MOBILIDADE_EVIDENCIAS_FINAIS.md","docs\archive\root-legacy\mobilidade\MOBILIDADE_EVIDENCIAS_FINAIS.md"
"MOBILIDADE_FECHAMENTO_PROFISSIONAL.md","docs\archive\root-legacy\mobilidade\MOBILIDADE_FECHAMENTO_PROFISSIONAL.md"
"MOBILIDADE_INDICE_MESTRE.md","docs\archive\root-legacy\mobilidade\MOBILIDADE_INDICE_MESTRE.md"
"MOBILIDADE_LIMPEZA_FINAL.md","docs\archive\root-legacy\mobilidade\MOBILIDADE_LIMPEZA_FINAL.md"
"MOBILIDADE_MATRIZ_STATUS.md","docs\archive\root-legacy\mobilidade\MOBILIDADE_MATRIZ_STATUS.md"
"MOBILIDADE_ORGANIZACAO_DOCUMENTOS.md","docs\archive\root-legacy\mobilidade\MOBILIDADE_ORGANIZACAO_DOCUMENTOS.md"
"MOBILIDADE_README.md","docs\archive\root-legacy\mobilidade\MOBILIDADE_README.md"
"MOBILIDADE_RELATORIO_FINAL_CONSOLIDADO.md","docs\archive\root-legacy\mobilidade\MOBILIDADE_RELATORIO_FINAL_CONSOLIDADO.md"
"MOBILIDADE_RESUMO_EXECUTIVO.md","docs\archive\root-legacy\mobilidade\MOBILIDADE_RESUMO_EXECUTIVO.md"
"MOBILIDADE_SSOT_FINAL.md","docs\archive\root-legacy\mobilidade\MOBILIDADE_SSOT_FINAL.md"
"MOBILIDADE_SSOT_OFICIAL.md","docs\archive\root-legacy\mobilidade\MOBILIDADE_SSOT_OFICIAL.md"
"MOBILIDADE_STATUS_CONSOLIDADO_GATES_1_4.md","docs\archive\root-legacy\mobilidade\MOBILIDADE_STATUS_CONSOLIDADO_GATES_1_4.md"
"MOBILIDADE_STATUS_FINAL_3_CAMADAS.md","docs\archive\root-legacy\mobilidade\MOBILIDADE_STATUS_FINAL_3_CAMADAS.md"
"MOBILIDADE_TESTES_OBRIGATORIOS.md","docs\archive\root-legacy\mobilidade\MOBILIDADE_TESTES_OBRIGATORIOS.md"
"MOBILIDADE_VEREDITO_FINAL.md","docs\archive\root-legacy\mobilidade\MOBILIDADE_VEREDITO_FINAL.md"
"MOBILITY_CANONICAL_INTEGRATION_PLAN.md","docs\archive\root-legacy\mobility\MOBILITY_CANONICAL_INTEGRATION_PLAN.md"
"MOCK_ADMIN_CONFIGURADO.md","docs\archive\root-legacy\mock\MOCK_ADMIN_CONFIGURADO.md"
"MODULO_MOBILITY_COMPLETO.md","docs\archive\root-legacy\modulo\MODULO_MOBILITY_COMPLETO.md"
"MONITORAMENTO_POS_ROLLOUT.md","docs\archive\root-legacy\monitoramento\MONITORAMENTO_POS_ROLLOUT.md"
"NOTA_DEPLOY_EDGE_FUNCTIONS.md","docs\archive\root-legacy\nota\NOTA_DEPLOY_EDGE_FUNCTIONS.md"
"NOVA_PAGINA_DETALHES_CLASSIFICADO.md","docs\archive\root-legacy\nova\NOVA_PAGINA_DETALHES_CLASSIFICADO.md"
"OBSERVABILIDADE_LOGS_IDENTIDADE_PUBLICA.md","docs\archive\root-legacy\observabilidade\OBSERVABILIDADE_LOGS_IDENTIDADE_PUBLICA.md"
"ONBOARDING.md","docs\archive\root-legacy\onboarding\ONBOARDING.md"
"OPCAO_B_DETALHADA.md","docs\archive\root-legacy\opcao\OPCAO_B_DETALHADA.md"
"OPERACAO_DISPATCH.md","docs\archive\root-legacy\operacao\OPERACAO_DISPATCH.md"
"ORGANIZACAO_MODULO_COMMUNITY.md","docs\archive\root-legacy\organizacao\ORGANIZACAO_MODULO_COMMUNITY.md"
"PADRAO_UNICO_MODULES.md","docs\archive\root-legacy\padrao\PADRAO_UNICO_MODULES.md"
"PADRONIZACAO_COMPLETA.md","docs\archive\root-legacy\padronizacao\PADRONIZACAO_COMPLETA.md"
"PADRONIZACAO_SUBCATEGORIAS_WIDGET.md","docs\archive\root-legacy\padronizacao\PADRONIZACAO_SUBCATEGORIAS_WIDGET.md"
"PASSO_A_PASSO_CRON.md","docs\archive\root-legacy\passo\PASSO_A_PASSO_CRON.md"
"PENDENCIAS_OBRIGATORIAS_SPRINT2.md","docs\archive\root-legacy\pendencias\PENDENCIAS_OBRIGATORIAS_SPRINT2.md"
"PENTE_FINO_PAGINAS_EMPRESAS_COMPLETO.md","docs\archive\root-legacy\pente\PENTE_FINO_PAGINAS_EMPRESAS_COMPLETO.md"
"PENTE_FINO_VAGAS_CORRECOES.md","docs\archive\root-legacy\pente\PENTE_FINO_VAGAS_CORRECOES.md"
"PERMISSOES_RPCS_FINAL.md","docs\archive\root-legacy\permissoes\PERMISSOES_RPCS_FINAL.md"
"PERSONALIZACAO_HERO_TERRITORIAL.md","docs\archive\root-legacy\personalizacao\PERSONALIZACAO_HERO_TERRITORIAL.md"
"PLANO_MIGRACAO_COMMUNITY_POSTS.md","docs\archive\root-legacy\plano\PLANO_MIGRACAO_COMMUNITY_POSTS.md"
"PLANO_REFATORACAO_PROFISSIONAL_COMPLETO.md","docs\archive\root-legacy\plano\PLANO_REFATORACAO_PROFISSIONAL_COMPLETO.md"
"PLANO_REFATORACAO_SSOT_COMPLETO.md","docs\archive\root-legacy\plano\PLANO_REFATORACAO_SSOT_COMPLETO.md"
"POS_ETAPA_1.1F_ARQUIVOS_ALTERADOS.md","docs\archive\root-legacy\pos\POS_ETAPA_1.1F_ARQUIVOS_ALTERADOS.md"
"PRICING_CONTRACT_FECHADO.md","docs\archive\root-legacy\pricing\PRICING_CONTRACT_FECHADO.md"
"PRICING_PENDENCIA_AUDITORIA.md","docs\archive\root-legacy\pricing\PRICING_PENDENCIA_AUDITORIA.md"
"PROBLEMA_GASTRONOMY_MIGRATION.md","docs\archive\root-legacy\problema\PROBLEMA_GASTRONOMY_MIGRATION.md"
"PROBLEMA_SELETOR_TERRITORIO.md","docs\archive\root-legacy\problema\PROBLEMA_SELETOR_TERRITORIO.md"
"PROGRESSO_BLOQUEIOS_SPRINT2.md","docs\archive\root-legacy\progresso\PROGRESSO_BLOQUEIOS_SPRINT2.md"
"PROGRESSO_DISPATCH_ATUAL.md","docs\archive\root-legacy\progresso\PROGRESSO_DISPATCH_ATUAL.md"
"PROGRESSO_REFATORACAO_MOBILITY.md","docs\archive\root-legacy\progresso\PROGRESSO_REFATORACAO_MOBILITY.md"
"PROGRESSO_SSOT_URLS.md","docs\archive\root-legacy\progresso\PROGRESSO_SSOT_URLS.md"
"PROPOSTA_ETAPA_1.3_REVISADA.md","docs\archive\root-legacy\proposta\PROPOSTA_ETAPA_1.3_REVISADA.md"
"PROPOSTA_PROXIMA_ETAPA.md","docs\archive\root-legacy\proposta\PROPOSTA_PROXIMA_ETAPA.md"
"PROPOSTA_REFATORACAO_MODO_RAIO.md","docs\archive\root-legacy\proposta\PROPOSTA_REFATORACAO_MODO_RAIO.md"
"PROVAS_OBJETIVAS_HOMOLOGACAO.md","docs\archive\root-legacy\provas\PROVAS_OBJETIVAS_HOMOLOGACAO.md"
"PROXIMA_SESSAO_SSOT.md","docs\archive\root-legacy\proxima\PROXIMA_SESSAO_SSOT.md"
"PROXIMOS_PASSOS.md","docs\archive\root-legacy\proximos\PROXIMOS_PASSOS.md"
"PROXIMOS_PASSOS_DETALHADOS.md","docs\archive\root-legacy\proximos\PROXIMOS_PASSOS_DETALHADOS.md"
"PROXIMOS_PASSOS_POS_SSOT.md","docs\archive\root-legacy\proximos\PROXIMOS_PASSOS_POS_SSOT.md"
"PROXIMOS_PASSOS_REFATORACAO.md","docs\archive\root-legacy\proximos\PROXIMOS_PASSOS_REFATORACAO.md"
"PROXIMO_PASSO.md","docs\archive\root-legacy\proximo\PROXIMO_PASSO.md"
"PROXIMO_PASSO_AGORA.md","docs\archive\root-legacy\proximo\PROXIMO_PASSO_AGORA.md"
"PROXIMO_PASSO_DEPLOY_FUNCTION.md","docs\archive\root-legacy\proximo\PROXIMO_PASSO_DEPLOY_FUNCTION.md"
"QUICK_REFERENCE_COMMUNITY.md","docs\archive\root-legacy\quick\QUICK_REFERENCE_COMMUNITY.md"
"README_ADMIN_AAA.md","docs\archive\root-legacy\readme\README_ADMIN_AAA.md"
"README_CORRECAO_BUILD.md","docs\archive\root-legacy\readme\README_CORRECAO_BUILD.md"
"README_DISPATCH.md","docs\archive\root-legacy\readme\README_DISPATCH.md"
"README_DISPATCH_FINAL.md","docs\archive\root-legacy\readme\README_DISPATCH_FINAL.md"
"README_GEOLOCALIZACAO.md","docs\archive\root-legacy\readme\README_GEOLOCALIZACAO.md"
"README_INTEGRACAO_MAPS.md","docs\archive\root-legacy\readme\README_INTEGRACAO_MAPS.md"
"README_LOGIN.md","docs\archive\root-legacy\readme\README_LOGIN.md"
"README_MULTI_PERFIL.md","docs\archive\root-legacy\readme\README_MULTI_PERFIL.md"
"README_REFATORACAO_MODO_RAIO.md","docs\archive\root-legacy\readme\README_REFATORACAO_MODO_RAIO.md"
"README_REFATORACAO_SSOT.md","docs\archive\root-legacy\readme\README_REFATORACAO_SSOT.md"
"README_SSOT.md","docs\archive\root-legacy\readme\README_SSOT.md"
"README_SSOT_URLS.md","docs\archive\root-legacy\readme\README_SSOT_URLS.md"
"README_TERRITORY_MANAGEMENT.md","docs\archive\root-legacy\readme\README_TERRITORY_MANAGEMENT.md"
"README_UPLOAD_FOTOS.md","docs\archive\root-legacy\readme\README_UPLOAD_FOTOS.md"
"REALTIME_HARDENING_COMPLETO.md","docs\archive\root-legacy\realtime\REALTIME_HARDENING_COMPLETO.md"
"REALTIME_NATIVO_FECHADO.md","docs\archive\root-legacy\realtime\REALTIME_NATIVO_FECHADO.md"
"REDE_FILIAIS_APROVADO.md","docs\archive\root-legacy\rede\REDE_FILIAIS_APROVADO.md"
"REFATORACAO_ADMIN_CONCLUSAO.md","docs\archive\root-legacy\refatoracao\REFATORACAO_ADMIN_CONCLUSAO.md"
"REFATORACAO_ADMIN_PROGRESSO.md","docs\archive\root-legacy\refatoracao\REFATORACAO_ADMIN_PROGRESSO.md"
"REFATORACAO_COMMUNITY_QA_SERVICE_COMPLETA.md","docs\archive\root-legacy\refatoracao\REFATORACAO_COMMUNITY_QA_SERVICE_COMPLETA.md"
"REFATORACAO_COMPLETA_RESUMO.md","docs\archive\root-legacy\refatoracao\REFATORACAO_COMPLETA_RESUMO.md"
"REFATORACAO_COMPLETA_SSOT.md","docs\archive\root-legacy\refatoracao\REFATORACAO_COMPLETA_SSOT.md"
"REFATORACAO_COMUNIDADE_PAGE.md","docs\archive\root-legacy\refatoracao\REFATORACAO_COMUNIDADE_PAGE.md"
"REFATORACAO_CONCLUIDA_PARCIAL.md","docs\archive\root-legacy\refatoracao\REFATORACAO_CONCLUIDA_PARCIAL.md"
"REFATORACAO_FINAL_COMPLETA.md","docs\archive\root-legacy\refatoracao\REFATORACAO_FINAL_COMPLETA.md"
"REFATORACAO_METRICS_SERVICE_COMPLETA.md","docs\archive\root-legacy\refatoracao\REFATORACAO_METRICS_SERVICE_COMPLETA.md"
"REFATORACAO_MOBILITY_CONCLUSAO.md","docs\archive\root-legacy\refatoracao\REFATORACAO_MOBILITY_CONCLUSAO.md"
"REFATORACAO_MOBILITY_DETALHADA.md","docs\archive\root-legacy\refatoracao\REFATORACAO_MOBILITY_DETALHADA.md"
"REFATORACAO_MODO_RAIO_ENCERRAMENTO_FORMAL.md","docs\archive\root-legacy\refatoracao\REFATORACAO_MODO_RAIO_ENCERRAMENTO_FORMAL.md"
"REFATORACAO_MODO_RAIO_ENTREGA_FINAL.md","docs\archive\root-legacy\refatoracao\REFATORACAO_MODO_RAIO_ENTREGA_FINAL.md"
"REFATORACAO_MODO_RAIO_HOMOLOGACAO_APROVADA.md","docs\archive\root-legacy\refatoracao\REFATORACAO_MODO_RAIO_HOMOLOGACAO_APROVADA.md"
"REFATORACAO_MODO_RAIO_IMPLEMENTADA.md","docs\archive\root-legacy\refatoracao\REFATORACAO_MODO_RAIO_IMPLEMENTADA.md"
"REFATORACAO_MODO_RAIO_RESUMO_EXECUTIVO.md","docs\archive\root-legacy\refatoracao\REFATORACAO_MODO_RAIO_RESUMO_EXECUTIVO.md"
"REFATORACAO_MODO_RAIO_SUCESSO.md","docs\archive\root-legacy\refatoracao\REFATORACAO_MODO_RAIO_SUCESSO.md"
"REFATORACAO_PONTOS_TURISTICOS_SSOT.md","docs\archive\root-legacy\refatoracao\REFATORACAO_PONTOS_TURISTICOS_SSOT.md"
"REFATORACAO_ROUTING_CONCLUSAO.md","docs\archive\root-legacy\refatoracao\REFATORACAO_ROUTING_CONCLUSAO.md"
"REFATORACAO_SELETOR_COMPLETA.md","docs\archive\root-legacy\refatoracao\REFATORACAO_SELETOR_COMPLETA.md"
"REFATORACAO_SISTEMA_TERRITORIAL_PLANO.md","docs\archive\root-legacy\refatoracao\REFATORACAO_SISTEMA_TERRITORIAL_PLANO.md"
"REFATORACAO_SISTEMA_TERRITORIAL_STATUS.md","docs\archive\root-legacy\refatoracao\REFATORACAO_SISTEMA_TERRITORIAL_STATUS.md"
"REFATORACAO_SSOT_100_CONCLUIDA.md","docs\archive\root-legacy\refatoracao\REFATORACAO_SSOT_100_CONCLUIDA.md"
"REFATORACAO_SSOT_CONCLUSAO_FINAL.md","docs\archive\root-legacy\refatoracao\REFATORACAO_SSOT_CONCLUSAO_FINAL.md"
"REFATORACAO_SSOT_PROGRESSO_GERAL.md","docs\archive\root-legacy\refatoracao\REFATORACAO_SSOT_PROGRESSO_GERAL.md"
"REFATORACAO_SSOT_RELATORIO_FINAL.md","docs\archive\root-legacy\refatoracao\REFATORACAO_SSOT_RELATORIO_FINAL.md"
"REFATORACAO_SSOT_STANDALONE_MAP.md","docs\archive\root-legacy\refatoracao\REFATORACAO_SSOT_STANDALONE_MAP.md"
"REFATORACAO_TOURIST_POINTS_CONCLUSAO.md","docs\archive\root-legacy\refatoracao\REFATORACAO_TOURIST_POINTS_CONCLUSAO.md"
"REFATORACAO_TRIO_SELETOR_SIDEBAR_PAGINAS.md","docs\archive\root-legacy\refatoracao\REFATORACAO_TRIO_SELETOR_SIDEBAR_PAGINAS.md"
"REFATORACAO_VAGAS_SSOT.md","docs\archive\root-legacy\refatoracao\REFATORACAO_VAGAS_SSOT.md"
"REFERENCIA_RAPIDA_SSOT.md","docs\archive\root-legacy\referencia\REFERENCIA_RAPIDA_SSOT.md"
"REGRAS_TERRITORIAIS_POSTS.md","docs\archive\root-legacy\regras\REGRAS_TERRITORIAIS_POSTS.md"
"RELATORIO_AUDITORIA_CORRIGIDA.md","docs\archive\root-legacy\relatorio\RELATORIO_AUDITORIA_CORRIGIDA.md"
"RELATORIO_AUDITORIA_MOBILIDADE.md","docs\archive\root-legacy\relatorio\RELATORIO_AUDITORIA_MOBILIDADE.md"
"RELATORIO_AUTO_PREENCHIMENTO_TERRITORIO.md","docs\archive\root-legacy\relatorio\RELATORIO_AUTO_PREENCHIMENTO_TERRITORIO.md"
"RELATORIO_CORRECAO_ERRO_CRITICO.md","docs\archive\root-legacy\relatorio\RELATORIO_CORRECAO_ERRO_CRITICO.md"
"RELATORIO_CORRECAO_GEOLOCALIZACAO.md","docs\archive\root-legacy\relatorio\RELATORIO_CORRECAO_GEOLOCALIZACAO.md"
"RELATORIO_CORRECAO_HORARIO_VIAGEM.md","docs\archive\root-legacy\relatorio\RELATORIO_CORRECAO_HORARIO_VIAGEM.md"
"RELATORIO_CORRECAO_LAZY_LOADING.md","docs\archive\root-legacy\relatorio\RELATORIO_CORRECAO_LAZY_LOADING.md"
"RELATORIO_CORRECAO_PROFILE_DUPLICADO.md","docs\archive\root-legacy\relatorio\RELATORIO_CORRECAO_PROFILE_DUPLICADO.md"
"RELATORIO_CORRECAO_RATING.md","docs\archive\root-legacy\relatorio\RELATORIO_CORRECAO_RATING.md"
"RELATORIO_CORRECAO_RLS.md","docs\archive\root-legacy\relatorio\RELATORIO_CORRECAO_RLS.md"
"RELATORIO_CORRECOES_FINAIS.md","docs\archive\root-legacy\relatorio\RELATORIO_CORRECOES_FINAIS.md"
"RELATORIO_DEPLOY_EDGE_FUNCTION.md","docs\archive\root-legacy\relatorio\RELATORIO_DEPLOY_EDGE_FUNCTION.md"
"RELATORIO_DEPLOY_EXECUTADO.md","docs\archive\root-legacy\relatorio\RELATORIO_DEPLOY_EXECUTADO.md"
"RELATORIO_DISPATCH_AUTOMATICO.md","docs\archive\root-legacy\relatorio\RELATORIO_DISPATCH_AUTOMATICO.md"
"RELATORIO_DISPATCH_ROBUSTO_FINAL.md","docs\archive\root-legacy\relatorio\RELATORIO_DISPATCH_ROBUSTO_FINAL.md"
"RELATORIO_ENTREGA_EXTERNA_FINAL.md","docs\archive\root-legacy\relatorio\RELATORIO_ENTREGA_EXTERNA_FINAL.md"
"RELATORIO_ESTADO_FINAL_ADMIN_PRICING.md","docs\archive\root-legacy\relatorio\RELATORIO_ESTADO_FINAL_ADMIN_PRICING.md"
"RELATORIO_ESTADO_REAL_ADMIN_PRICING.md","docs\archive\root-legacy\relatorio\RELATORIO_ESTADO_REAL_ADMIN_PRICING.md"
"RELATORIO_FECHAMENTO_ADMIN_PRICING.md","docs\archive\root-legacy\relatorio\RELATORIO_FECHAMENTO_ADMIN_PRICING.md"
"RELATORIO_FECHAMENTO_DISPATCH.md","docs\archive\root-legacy\relatorio\RELATORIO_FECHAMENTO_DISPATCH.md"
"RELATORIO_FECHAMENTO_FINAL.md","docs\archive\root-legacy\relatorio\RELATORIO_FECHAMENTO_FINAL.md"
"RELATORIO_FECHAMENTO_MOTOR.md","docs\archive\root-legacy\relatorio\RELATORIO_FECHAMENTO_MOTOR.md"
"RELATORIO_FECHAMENTO_STAGING_REAL.md","docs\archive\root-legacy\relatorio\RELATORIO_FECHAMENTO_STAGING_REAL.md"
"RELATORIO_FINAL_ADMIN_PRICING.md","docs\archive\root-legacy\relatorio\RELATORIO_FINAL_ADMIN_PRICING.md"
"RELATORIO_FINAL_ADMIN_PRICING_COMPLETO.md","docs\archive\root-legacy\relatorio\RELATORIO_FINAL_ADMIN_PRICING_COMPLETO.md"
"RELATORIO_FINAL_COMPLETO.md","docs\archive\root-legacy\relatorio\RELATORIO_FINAL_COMPLETO.md"
"RELATORIO_FINAL_CONSOLIDADO_MOBILIDADE.md","docs\archive\root-legacy\relatorio\RELATORIO_FINAL_CONSOLIDADO_MOBILIDADE.md"
"RELATORIO_FINAL_CRON_CONFIGURADO.md","docs\archive\root-legacy\relatorio\RELATORIO_FINAL_CRON_CONFIGURADO.md"
"RELATORIO_FINAL_DISPATCH_AUTOMATICO.md","docs\archive\root-legacy\relatorio\RELATORIO_FINAL_DISPATCH_AUTOMATICO.md"
"RELATORIO_FINAL_DISPATCH_OPERACIONAL.md","docs\archive\root-legacy\relatorio\RELATORIO_FINAL_DISPATCH_OPERACIONAL.md"
"RELATORIO_FINAL_DISPATCH_REAL.md","docs\archive\root-legacy\relatorio\RELATORIO_FINAL_DISPATCH_REAL.md"
"RELATORIO_FINAL_ENTREGA_EXTERNA_CONCLUIDA.md","docs\archive\root-legacy\relatorio\RELATORIO_FINAL_ENTREGA_EXTERNA_CONCLUIDA.md"
"RELATORIO_FINAL_ENTREGA_EXTERNA_VALIDADO.md","docs\archive\root-legacy\relatorio\RELATORIO_FINAL_ENTREGA_EXTERNA_VALIDADO.md"
"RELATORIO_FINAL_IMPLANTACAO.md","docs\archive\root-legacy\relatorio\RELATORIO_FINAL_IMPLANTACAO.md"
"RELATORIO_FINAL_MOTOR_FECHAMENTO.md","docs\archive\root-legacy\relatorio\RELATORIO_FINAL_MOTOR_FECHAMENTO.md"
"RELATORIO_FINAL_MOTOR_OPERACIONAL.md","docs\archive\root-legacy\relatorio\RELATORIO_FINAL_MOTOR_OPERACIONAL.md"
"RELATORIO_FINAL_OPERACIONAL.md","docs\archive\root-legacy\relatorio\RELATORIO_FINAL_OPERACIONAL.md"
"RELATORIO_FINAL_PRE_PRODUCAO.md","docs\archive\root-legacy\relatorio\RELATORIO_FINAL_PRE_PRODUCAO.md"
"RELATORIO_FINAL_PRICING_VALIDACAO.md","docs\archive\root-legacy\relatorio\RELATORIO_FINAL_PRICING_VALIDACAO.md"
"RELATORIO_FINAL_SAFETY_COMPLETO.md","docs\archive\root-legacy\relatorio\RELATORIO_FINAL_SAFETY_COMPLETO.md"
"RELATORIO_FINAL_STAGING.md","docs\archive\root-legacy\relatorio\RELATORIO_FINAL_STAGING.md"
"RELATORIO_FINAL_STAGING_BLOQUEADO.md","docs\archive\root-legacy\relatorio\RELATORIO_FINAL_STAGING_BLOQUEADO.md"
"RELATORIO_FINAL_STAGING_FECHADO.md","docs\archive\root-legacy\relatorio\RELATORIO_FINAL_STAGING_FECHADO.md"
"RELATORIO_FINAL_STAGING_VALIDADO.md","docs\archive\root-legacy\relatorio\RELATORIO_FINAL_STAGING_VALIDADO.md"
"RELATORIO_FINAL_VALIDACAO_COMPLETO.md","docs\archive\root-legacy\relatorio\RELATORIO_FINAL_VALIDACAO_COMPLETO.md"
"RELATORIO_FINAL_VALIDACAO_PRICING.md","docs\archive\root-legacy\relatorio\RELATORIO_FINAL_VALIDACAO_PRICING.md"
"RELATORIO_HARDENING_DISPATCH.md","docs\archive\root-legacy\relatorio\RELATORIO_HARDENING_DISPATCH.md"
"RELATORIO_HARDENING_PRODUCAO.md","docs\archive\root-legacy\relatorio\RELATORIO_HARDENING_PRODUCAO.md"
"RELATORIO_HARDENING_PRODUCAO_FINAL.md","docs\archive\root-legacy\relatorio\RELATORIO_HARDENING_PRODUCAO_FINAL.md"
"RELATORIO_IMPLANTACAO_REAL.md","docs\archive\root-legacy\relatorio\RELATORIO_IMPLANTACAO_REAL.md"
"RELATORIO_INTEGRACAO_MOTOR_EXECUTADA.md","docs\archive\root-legacy\relatorio\RELATORIO_INTEGRACAO_MOTOR_EXECUTADA.md"
"RELATORIO_INTEGRACAO_MOTOR_REAL.md","docs\archive\root-legacy\relatorio\RELATORIO_INTEGRACAO_MOTOR_REAL.md"
"RELATORIO_LIMPEZA_FINAL.md","docs\archive\root-legacy\relatorio\RELATORIO_LIMPEZA_FINAL.md"
"RELATORIO_MELHORIAS_MOBILIDADE_PASSAGEIRO.md","docs\archive\root-legacy\relatorio\RELATORIO_MELHORIAS_MOBILIDADE_PASSAGEIRO.md"
"RELATORIO_MOTOR_FINAL_CONSOLIDADO.md","docs\archive\root-legacy\relatorio\RELATORIO_MOTOR_FINAL_CONSOLIDADO.md"
"RELATORIO_MOTOR_OPERACIONAL.md","docs\archive\root-legacy\relatorio\RELATORIO_MOTOR_OPERACIONAL.md"
"RELATORIO_MOTOR_VALIDADO.md","docs\archive\root-legacy\relatorio\RELATORIO_MOTOR_VALIDADO.md"
"RELATORIO_PRICING_INTEGRADO.md","docs\archive\root-legacy\relatorio\RELATORIO_PRICING_INTEGRADO.md"
"RELATORIO_SANEAMENTO_SECRETS.md","docs\archive\root-legacy\relatorio\RELATORIO_SANEAMENTO_SECRETS.md"
"RELATORIO_STAGING_CONSOLIDADO.md","docs\archive\root-legacy\relatorio\RELATORIO_STAGING_CONSOLIDADO.md"
"RELATORIO_STAGING_FINAL_CONSOLIDADO.md","docs\archive\root-legacy\relatorio\RELATORIO_STAGING_FINAL_CONSOLIDADO.md"
"RELATORIO_TECNICO_ADMIN_PRICING.md","docs\archive\root-legacy\relatorio\RELATORIO_TECNICO_ADMIN_PRICING.md"
"RELATORIO_TECNICO_FECHAMENTO.md","docs\archive\root-legacy\relatorio\RELATORIO_TECNICO_FECHAMENTO.md"
"RELATORIO_TECNICO_FINAL.md","docs\archive\root-legacy\relatorio\RELATORIO_TECNICO_FINAL.md"
"RELATORIO_TECNICO_VALIDACAO.md","docs\archive\root-legacy\relatorio\RELATORIO_TECNICO_VALIDACAO.md"
"RELATORIO_VALIDACAO_ADMIN_PRICING.md","docs\archive\root-legacy\relatorio\RELATORIO_VALIDACAO_ADMIN_PRICING.md"
"RELATORIO_VALIDACAO_BANCO_COMPLETO.md","docs\archive\root-legacy\relatorio\RELATORIO_VALIDACAO_BANCO_COMPLETO.md"
"RELATORIO_VALIDACAO_FINAL_MOTOR.md","docs\archive\root-legacy\relatorio\RELATORIO_VALIDACAO_FINAL_MOTOR.md"
"RELATORIO_VALIDACAO_FINAL_SUCESSO.md","docs\archive\root-legacy\relatorio\RELATORIO_VALIDACAO_FINAL_SUCESSO.md"
"RELATORIO_VALIDACAO_UI_COMPLETO.md","docs\archive\root-legacy\relatorio\RELATORIO_VALIDACAO_UI_COMPLETO.md"
"RELATORIO_VALIDACAO_UI_FINAL.md","docs\archive\root-legacy\relatorio\RELATORIO_VALIDACAO_UI_FINAL.md"
"RELATORIO_VALIDACAO_UI_REAL.md","docs\archive\root-legacy\relatorio\RELATORIO_VALIDACAO_UI_REAL.md"
"RELATORIO_VARREDURA_DADOS_SENSÍVEIS.md","docs\archive\root-legacy\relatorio\RELATORIO_VARREDURA_DADOS_SENSÍVEIS.md"
"REMOCAO_HEADERS_CUSTOMIZADOS.md","docs\archive\root-legacy\remocao\REMOCAO_HEADERS_CUSTOMIZADOS.md"
"REMOCAO_MOCKS_E_SEED.md","docs\archive\root-legacy\remocao\REMOCAO_MOCKS_E_SEED.md"
"REMOCAO_TERRITORY_INDICATOR.md","docs\archive\root-legacy\remocao\REMOCAO_TERRITORY_INDICATOR.md"
"REMOVER_HARDCODED_CIDADE.md","docs\archive\root-legacy\remover\REMOVER_HARDCODED_CIDADE.md"
"REORGANIZACAO_NAVEGACAO_COMPLETA.md","docs\archive\root-legacy\reorganizacao\REORGANIZACAO_NAVEGACAO_COMPLETA.md"
"RESPOSTA_SEGURANCA_FINAL.md","docs\archive\root-legacy\resposta\RESPOSTA_SEGURANCA_FINAL.md"
"RESUMO_4_CORRECOES_APLICADAS.md","docs\archive\root-legacy\resumo\RESUMO_4_CORRECOES_APLICADAS.md"
"RESUMO_5_BLOQUEIOS_RESOLVIDOS.md","docs\archive\root-legacy\resumo\RESUMO_5_BLOQUEIOS_RESOLVIDOS.md"
"RESUMO_DISPATCH_ROBUSTO.md","docs\archive\root-legacy\resumo\RESUMO_DISPATCH_ROBUSTO.md"
"RESUMO_ETAPA_4_1.md","docs\archive\root-legacy\resumo\RESUMO_ETAPA_4_1.md"
"RESUMO_EXECUTIVO_ADMIN_AAA.md","docs\archive\root-legacy\resumo\RESUMO_EXECUTIVO_ADMIN_AAA.md"
"RESUMO_EXECUTIVO_CORRECOES.md","docs\archive\root-legacy\resumo\RESUMO_EXECUTIVO_CORRECOES.md"
"RESUMO_EXECUTIVO_DISPATCH.md","docs\archive\root-legacy\resumo\RESUMO_EXECUTIVO_DISPATCH.md"
"RESUMO_EXECUTIVO_FINAL.md","docs\archive\root-legacy\resumo\RESUMO_EXECUTIVO_FINAL.md"
"RESUMO_EXECUTIVO_GATES_1_2.md","docs\archive\root-legacy\resumo\RESUMO_EXECUTIVO_GATES_1_2.md"
"RESUMO_EXECUTIVO_PRE_PRODUCAO.md","docs\archive\root-legacy\resumo\RESUMO_EXECUTIVO_PRE_PRODUCAO.md"
"RESUMO_EXECUTIVO_SSOT_TERRITORIAL.md","docs\archive\root-legacy\resumo\RESUMO_EXECUTIVO_SSOT_TERRITORIAL.md"
"RESUMO_EXECUTIVO_STAGING.md","docs\archive\root-legacy\resumo\RESUMO_EXECUTIVO_STAGING.md"
"RESUMO_FINAL_ADMIN_AAA.md","docs\archive\root-legacy\resumo\RESUMO_FINAL_ADMIN_AAA.md"
"RESUMO_FINAL_COMPLETO.md","docs\archive\root-legacy\resumo\RESUMO_FINAL_COMPLETO.md"
"RESUMO_FINAL_CORRECOES.md","docs\archive\root-legacy\resumo\RESUMO_FINAL_CORRECOES.md"
"RESUMO_FINAL_GATE6_MOTOBOY.md","docs\archive\root-legacy\resumo\RESUMO_FINAL_GATE6_MOTOBOY.md"
"RESUMO_FINAL_REFATORACAO_SSOT.md","docs\archive\root-legacy\resumo\RESUMO_FINAL_REFATORACAO_SSOT.md"
"RESUMO_PENDENCIAS_SPRINT2.md","docs\archive\root-legacy\resumo\RESUMO_PENDENCIAS_SPRINT2.md"
"RESUMO_REFATORACAO_SSOT_ATUAL.md","docs\archive\root-legacy\resumo\RESUMO_REFATORACAO_SSOT_ATUAL.md"
"RESUMO_REFATORACAO_SSOT_COMPLETO.md","docs\archive\root-legacy\resumo\RESUMO_REFATORACAO_SSOT_COMPLETO.md"
"RESUMO_SESSAO_POWERBI.md","docs\archive\root-legacy\resumo\RESUMO_SESSAO_POWERBI.md"
"RESUMO_SPRINT1_TOURIST_POINTS.md","docs\archive\root-legacy\resumo\RESUMO_SPRINT1_TOURIST_POINTS.md"
"RESUMO_TRABALHO_REALIZADO.md","docs\archive\root-legacy\resumo\RESUMO_TRABALHO_REALIZADO.md"
"ROADMAP_DASHBOARD_ADMIN.md","docs\archive\root-legacy\roadmap\ROADMAP_DASHBOARD_ADMIN.md"
"ROLLOUT_EXECUCAO_FINAL.md","docs\archive\root-legacy\rollout\ROLLOUT_EXECUCAO_FINAL.md"
"ROLLOUT_FINAL_IDENTIDADE_PUBLICA.md","docs\archive\root-legacy\rollout\ROLLOUT_FINAL_IDENTIDADE_PUBLICA.md"
"ROLLOUT_RESULTADO_FINAL.md","docs\archive\root-legacy\rollout\ROLLOUT_RESULTADO_FINAL.md"
"ROTAS_ADMIN_NOVAS.md","docs\archive\root-legacy\rotas\ROTAS_ADMIN_NOVAS.md"
"ROTA_ANALYTICS_ADICIONADA.md","docs\archive\root-legacy\rota\ROTA_ANALYTICS_ADICIONADA.md"
"ROTEAMENTO_CIDADE_VS_BAIRRO.md","docs\archive\root-legacy\roteamento\ROTEAMENTO_CIDADE_VS_BAIRRO.md"
"SAFETY_100_COMPLETO.md","docs\archive\root-legacy\safety\SAFETY_100_COMPLETO.md"
"SAFETY_ESCLARECIMENTO_FINAL.md","docs\archive\root-legacy\safety\SAFETY_ESCLARECIMENTO_FINAL.md"
"SAFETY_FECHAMENTO_FINAL.md","docs\archive\root-legacy\safety\SAFETY_FECHAMENTO_FINAL.md"
"SAFETY_NOTIFICACOES_CONTATOS_FINAL.md","docs\archive\root-legacy\safety\SAFETY_NOTIFICACOES_CONTATOS_FINAL.md"
"SAFETY_OPERACIONAL_COMPLETO.md","docs\archive\root-legacy\safety\SAFETY_OPERACIONAL_COMPLETO.md"
"SAFETY_OPERACIONAL_FECHAMENTO_TECNICO.md","docs\archive\root-legacy\safety\SAFETY_OPERACIONAL_FECHAMENTO_TECNICO.md"
"SCHEMA_AUTH_SSOT.md","docs\archive\root-legacy\schema\SCHEMA_AUTH_SSOT.md"
"SCHEMA_FINAL_POSTS.md","docs\archive\root-legacy\schema\SCHEMA_FINAL_POSTS.md"
"SEED_APLICADO_SUCESSO.md","docs\archive\root-legacy\seed\SEED_APLICADO_SUCESSO.md"
"SEED_RAPIDO.md","docs\archive\root-legacy\seed\SEED_RAPIDO.md"
"SEED_RAPIDO_CORRIGIDO.md","docs\archive\root-legacy\seed\SEED_RAPIDO_CORRIGIDO.md"
"SELETOR_CIDADE_ANCORA_IMPLEMENTADO.md","docs\archive\root-legacy\seletor\SELETOR_CIDADE_ANCORA_IMPLEMENTADO.md"
"SELETOR_TERRITORIO_COMPORTAMENTO.md","docs\archive\root-legacy\seletor\SELETOR_TERRITORIO_COMPORTAMENTO.md"
"SEMANTICA_FINAL_MAPA.md","docs\archive\root-legacy\semantica\SEMANTICA_FINAL_MAPA.md"
"SEMANTICA_MAPA_SIMPLIFICADO.md","docs\archive\root-legacy\semantica\SEMANTICA_MAPA_SIMPLIFICADO.md"
"SEMANTICA_MODO_RAIO_ATUALIZADA.md","docs\archive\root-legacy\semantica\SEMANTICA_MODO_RAIO_ATUALIZADA.md"
"SERVICES_IMPLEMENTADOS.md","docs\archive\root-legacy\services\SERVICES_IMPLEMENTADOS.md"
"SESSAO_COMPLETA_GASTRONOMY.md","docs\archive\root-legacy\sessao\SESSAO_COMPLETA_GASTRONOMY.md"
"SESSAO_REFATORACAO_COMPLETA.md","docs\archive\root-legacy\sessao\SESSAO_REFATORACAO_COMPLETA.md"
"SIDEBAR_ESQUERDA_MELHORADA.md","docs\archive\root-legacy\sidebar\SIDEBAR_ESQUERDA_MELHORADA.md"
"SIDEBAR_INICIO_DINAMICO.md","docs\archive\root-legacy\sidebar\SIDEBAR_INICIO_DINAMICO.md"
"SISTEMA_DENUNCIAS_CLASSIFICADOS.md","docs\archive\root-legacy\sistema\SISTEMA_DENUNCIAS_CLASSIFICADOS.md"
"SISTEMA_MODO_TERRITORIAL.md","docs\archive\root-legacy\sistema\SISTEMA_MODO_TERRITORIAL.md"
"SISTEMA_PRECOS_PROFISSIONAIS.md","docs\archive\root-legacy\sistema\SISTEMA_PRECOS_PROFISSIONAIS.md"
"SLUG_HISTORY_VALIDACAO_REAL.md","docs\archive\root-legacy\slug\SLUG_HISTORY_VALIDACAO_REAL.md"
"SOLUCAO_ACESSO_ADMIN.md","docs\archive\root-legacy\solucao\SOLUCAO_ACESSO_ADMIN.md"
"SOLUCAO_ACESSO_MOBILE.md","docs\archive\root-legacy\solucao\SOLUCAO_ACESSO_MOBILE.md"
"SOLUCAO_FINAL_GASTRONOMY.md","docs\archive\root-legacy\solucao\SOLUCAO_FINAL_GASTRONOMY.md"
"SOLUCAO_FINAL_SELETOR_TERRITORIO.md","docs\archive\root-legacy\solucao\SOLUCAO_FINAL_SELETOR_TERRITORIO.md"
"SOLUCAO_LIMPA_CIDADE_LANDING.md","docs\archive\root-legacy\solucao\SOLUCAO_LIMPA_CIDADE_LANDING.md"
"SOLUCAO_LOCALIZACAO_DEV.md","docs\archive\root-legacy\solucao\SOLUCAO_LOCALIZACAO_DEV.md"
"SOLUCAO_LOGIN_SSOT.md","docs\archive\root-legacy\solucao\SOLUCAO_LOGIN_SSOT.md"
"SOLUCAO_PAGINA_VAZIA.md","docs\archive\root-legacy\solucao\SOLUCAO_PAGINA_VAZIA.md"
"SOLUCAO_PERMISSAO_NEGADA.md","docs\archive\root-legacy\solucao\SOLUCAO_PERMISSAO_NEGADA.md"
"SOLUCAO_PRICING_RLS.md","docs\archive\root-legacy\solucao\SOLUCAO_PRICING_RLS.md"
"SOLUCAO_PROFISSIONAL_TOPBAR_SSOT.md","docs\archive\root-legacy\solucao\SOLUCAO_PROFISSIONAL_TOPBAR_SSOT.md"
"SOLUCOES_BAIRROS_SEM_POLIGONO.md","docs\archive\root-legacy\solucoes\SOLUCOES_BAIRROS_SEM_POLIGONO.md"
"SPRINT2_POSTS_CORRECOES_BLOQUEANTES.md","docs\archive\root-legacy\sprint\SPRINT2_POSTS_CORRECOES_BLOQUEANTES.md"
"SPRINT2_POSTS_PLANO_APROVADO.md","docs\archive\root-legacy\sprint\SPRINT2_POSTS_PLANO_APROVADO.md"
"SPRINT2_POSTS_PLANO_CORRIGIDO.md","docs\archive\root-legacy\sprint\SPRINT2_POSTS_PLANO_CORRIGIDO.md"
"SPRINT2_POSTS_PLANO_FINAL.md","docs\archive\root-legacy\sprint\SPRINT2_POSTS_PLANO_FINAL.md"
"SPRINT2_POSTS_PLANO_V2.md","docs\archive\root-legacy\sprint\SPRINT2_POSTS_PLANO_V2.md"
"SPRINT_TYPE_SAFETY_EXPANDIDA_PLANO.md","docs\archive\root-legacy\sprint\SPRINT_TYPE_SAFETY_EXPANDIDA_PLANO.md"
"STAGING_DEPLOYMENT_REPORT.md","docs\archive\root-legacy\staging\STAGING_DEPLOYMENT_REPORT.md"
"START_HERE.md","docs\archive\root-legacy\start\START_HERE.md"
"STATUS_ENTREGA_REAL.md","docs\archive\root-legacy\status\STATUS_ENTREGA_REAL.md"
"SUCESSO_GEOLOCALIZACAO_MOBILE.md","docs\archive\root-legacy\sucesso\SUCESSO_GEOLOCALIZACAO_MOBILE.md"
"SUCESSO_MIGRATION.md","docs\archive\root-legacy\sucesso\SUCESSO_MIGRATION.md"
"SUMARIO_FINAL_BLINDAGEM_MAPS.md","docs\archive\root-legacy\sumario\SUMARIO_FINAL_BLINDAGEM_MAPS.md"
"SUMARIO_FINAL_INTEGRACAO_MAPS.md","docs\archive\root-legacy\sumario\SUMARIO_FINAL_INTEGRACAO_MAPS.md"
"TASK_4_PRICING_COMPLETO.md","docs\archive\root-legacy\task\TASK_4_PRICING_COMPLETO.md"
"TASK_5_REALTIME_COMPLETO.md","docs\archive\root-legacy\task\TASK_5_REALTIME_COMPLETO.md"
"TECHNICAL_SUMMARY.md","docs\archive\root-legacy\technical\TECHNICAL_SUMMARY.md"
"TERRITORIAL_LANDING_MELHORADA.md","docs\archive\root-legacy\territorial\TERRITORIAL_LANDING_MELHORADA.md"
"TESTE_AGORA.md","docs\archive\root-legacy\teste\TESTE_AGORA.md"
"TESTE_CANCELAMENTO_AGORA.md","docs\archive\root-legacy\teste\TESTE_CANCELAMENTO_AGORA.md"
"TESTE_FINAL_MOBILIDADE.md","docs\archive\root-legacy\teste\TESTE_FINAL_MOBILIDADE.md"
"TESTE_LOCALIZACAO_MAPA.md","docs\archive\root-legacy\teste\TESTE_LOCALIZACAO_MAPA.md"
"TESTE_MANUAL_8_PASSOS.md","docs\archive\root-legacy\teste\TESTE_MANUAL_8_PASSOS.md"
"TESTE_MANUAL_8_STEPS.md","docs\archive\root-legacy\teste\TESTE_MANUAL_8_STEPS.md"
"TESTE_MOBILE_HTTPS.md","docs\archive\root-legacy\teste\TESTE_MOBILE_HTTPS.md"
"TESTE_RAPIDO_PROMPT_MOBILE.md","docs\archive\root-legacy\teste\TESTE_RAPIDO_PROMPT_MOBILE.md"
"test_admin_pricing_runtime.md","docs\archive\root-legacy\test\test_admin_pricing_runtime.md"
"TEST_GEOLOCALIZACAO.md","docs\archive\root-legacy\test\TEST_GEOLOCALIZACAO.md"
"TODAS_CORRECOES_APLICADAS.md","docs\archive\root-legacy\todas\TODAS_CORRECOES_APLICADAS.md"
"TROUBLESHOOTING_DESTAQUES.md","docs\archive\root-legacy\troubleshooting\TROUBLESHOOTING_DESTAQUES.md"
"URGENTE_ROTACIONAR_KEY.md","docs\archive\root-legacy\urgente\URGENTE_ROTACIONAR_KEY.md"
"URL_MOBILE_HTTPS.md","docs\archive\root-legacy\url\URL_MOBILE_HTTPS.md"
"VAGAS_ANALISE_QUALIDADE_SSOT.md","docs\archive\root-legacy\vagas\VAGAS_ANALISE_QUALIDADE_SSOT.md"
"VAGAS_SSOT_COMPLETO.md","docs\archive\root-legacy\vagas\VAGAS_SSOT_COMPLETO.md"
"VAGAS_TERRITORIAL_ROUTING.md","docs\archive\root-legacy\vagas\VAGAS_TERRITORIAL_ROUTING.md"
"VALIDACAO_BLINDAGEM_COMMUNITY.md","docs\archive\root-legacy\validacao\VALIDACAO_BLINDAGEM_COMMUNITY.md"
"VALIDACAO_BLINDAGEM_MAPS.md","docs\archive\root-legacy\validacao\VALIDACAO_BLINDAGEM_MAPS.md"
"VALIDACAO_FINAL_SINALIZACAO_IMPACTO.md","docs\archive\root-legacy\validacao\VALIDACAO_FINAL_SINALIZACAO_IMPACTO.md"
"VALIDACAO_FINAL_SLUG_TERRITORIAL.md","docs\archive\root-legacy\validacao\VALIDACAO_FINAL_SLUG_TERRITORIAL.md"
"VALIDACAO_FLUXO_TERRITORIAL_COMPLETO.md","docs\archive\root-legacy\validacao\VALIDACAO_FLUXO_TERRITORIAL_COMPLETO.md"
"VALIDACAO_FUNCIONAL_COMPLETA.md","docs\archive\root-legacy\validacao\VALIDACAO_FUNCIONAL_COMPLETA.md"
"VALIDACAO_FUNCIONAL_CREATERIDEMODAL.md","docs\archive\root-legacy\validacao\VALIDACAO_FUNCIONAL_CREATERIDEMODAL.md"
"VALIDACAO_MANUAL_NAVEGADOR.md","docs\archive\root-legacy\validacao\VALIDACAO_MANUAL_NAVEGADOR.md"
"VALIDACAO_MOBILITY_FINAL.md","docs\archive\root-legacy\validacao\VALIDACAO_MOBILITY_FINAL.md"
"VALIDACAO_OPERACIONAL_DISPATCH.md","docs\archive\root-legacy\validacao\VALIDACAO_OPERACIONAL_DISPATCH.md"
"VALIDACAO_SISTEMA_OK.md","docs\archive\root-legacy\validacao\VALIDACAO_SISTEMA_OK.md"
"VALIDACAO_TRACKING_RUNTIME.md","docs\archive\root-legacy\validacao\VALIDACAO_TRACKING_RUNTIME.md"
"VALIDACOES_FINAIS_COMPLETAS.md","docs\archive\root-legacy\validacoes\VALIDACOES_FINAIS_COMPLETAS.md"
"VEREDITO_FINAL_COERENCIA_v3.md","docs\archive\root-legacy\veredito\VEREDITO_FINAL_COERENCIA_v3.md"
"VERIFICACAO_COMMUNITY_QA.md","docs\archive\root-legacy\verificacao\VERIFICACAO_COMMUNITY_QA.md"
"VERIFICACAO_FILTRO_TERRITORIAL.md","docs\archive\root-legacy\verificacao\VERIFICACAO_FILTRO_TERRITORIAL.md"
"VERIFICACAO_FINAL_GEOLOCALIZACAO.md","docs\archive\root-legacy\verificacao\VERIFICACAO_FINAL_GEOLOCALIZACAO.md"
"VISAO_GERAL_REFATORACAO.md","docs\archive\root-legacy\visao\VISAO_GERAL_REFATORACAO.md"
"VISUAL_FINAL.md","docs\archive\root-legacy\visual\VISUAL_FINAL.md"
